iso3,NAME_2,cod_local,anio,zona,etnia,valor
COL,Altos del Sol,NA,2016,periurbano,Indígena,0.5005
COL,Altos del Sol,NA,2016,periurbano,No indígena,0.4205
COL,Altos del Sol,NA,2016,periurbano,Total,0.4448
COL,Altos del Sol,NA,2017,periurbano,Indígena,0.5
COL,Altos del Sol,NA,2017,periurbano,No indígena,0.42
COL,Altos del Sol,NA,2017,periurbano,Total,0.4444
COL,Altos del Sol,NA,2018,periurbano,Indígena,0.5023
COL,Altos del Sol,NA,2018,periurbano,No indígena,0.4223
COL,Altos del Sol,NA,2018,periurbano,Total,0.4466
COL,Altos del Sol,NA,2019,periurbano,Indígena,0.4998
COL,Altos del Sol,NA,2019,periurbano,No indígena,0.4198
COL,Altos del Sol,NA,2019,periurbano,Total,0.4442
COL,Altos del Sol,NA,2020,periurbano,Indígena,0.533
COL,Altos del Sol,NA,2020,periurbano,No indígena,0.453
COL,Altos del Sol,NA,2020,periurbano,Total,0.4772
COL,Altos del Sol,NA,2021,periurbano,Indígena,0.5228
COL,Altos del Sol,NA,2021,periurbano,No indígena,0.4428
COL,Altos del Sol,NA,2021,periurbano,Total,0.467
COL,Altos del Sol,NA,2022,periurbano,Indígena,0.5004
COL,Altos del Sol,NA,2022,periurbano,No indígena,0.4204
COL,Altos del Sol,NA,2022,periurbano,Total,0.4441
COL,Altos del Sol,NA,2023,periurbano,Indígena,0.4915
COL,Altos del Sol,NA,2023,periurbano,No indígena,0.4115
COL,Altos del Sol,NA,2023,periurbano,Total,0.4351
COL,Altos del Sol,NA,2024,periurbano,Indígena,0.4905
COL,Altos del Sol,NA,2024,periurbano,No indígena,0.4105
COL,Altos del Sol,NA,2024,periurbano,Total,0.4342
COL,Altos del Sol,NA,2025,periurbano,Indígena,0.4915
COL,Altos del Sol,NA,2025,periurbano,No indígena,0.4115
COL,Altos del Sol,NA,2025,periurbano,Total,0.4351
COL,Bosques del Valle,NA,2016,periurbano,Indígena,0.4589
COL,Bosques del Valle,NA,2016,periurbano,No indígena,0.3789
COL,Bosques del Valle,NA,2016,periurbano,Total,0.4028
COL,Bosques del Valle,NA,2017,periurbano,Indígena,0.4584
COL,Bosques del Valle,NA,2017,periurbano,No indígena,0.3784
COL,Bosques del Valle,NA,2017,periurbano,Total,0.4023
COL,Bosques del Valle,NA,2018,periurbano,Indígena,0.4607
COL,Bosques del Valle,NA,2018,periurbano,No indígena,0.3807
COL,Bosques del Valle,NA,2018,periurbano,Total,0.405
COL,Bosques del Valle,NA,2019,periurbano,Indígena,0.4583
COL,Bosques del Valle,NA,2019,periurbano,No indígena,0.3783
COL,Bosques del Valle,NA,2019,periurbano,Total,0.4026
COL,Bosques del Valle,NA,2020,periurbano,Indígena,0.4915
COL,Bosques del Valle,NA,2020,periurbano,No indígena,0.4115
COL,Bosques del Valle,NA,2020,periurbano,Total,0.4356
COL,Bosques del Valle,NA,2021,periurbano,Indígena,0.4812
COL,Bosques del Valle,NA,2021,periurbano,No indígena,0.4012
COL,Bosques del Valle,NA,2021,periurbano,Total,0.4249
COL,Bosques del Valle,NA,2022,periurbano,Indígena,0.4589
COL,Bosques del Valle,NA,2022,periurbano,No indígena,0.3789
COL,Bosques del Valle,NA,2022,periurbano,Total,0.4031
COL,Bosques del Valle,NA,2023,periurbano,Indígena,0.4499
COL,Bosques del Valle,NA,2023,periurbano,No indígena,0.3699
COL,Bosques del Valle,NA,2023,periurbano,Total,0.3936
COL,Bosques del Valle,NA,2024,periurbano,Indígena,0.449
COL,Bosques del Valle,NA,2024,periurbano,No indígena,0.369
COL,Bosques del Valle,NA,2024,periurbano,Total,0.3927
COL,Bosques del Valle,NA,2025,periurbano,Indígena,0.4499
COL,Bosques del Valle,NA,2025,periurbano,No indígena,0.3699
COL,Bosques del Valle,NA,2025,periurbano,Total,0.3936
COL,Colinas del Valle,NA,2016,rural,Indígena,0.587
COL,Colinas del Valle,NA,2016,rural,No indígena,0.507
COL,Colinas del Valle,NA,2016,rural,Total,0.5429
COL,Colinas del Valle,NA,2017,rural,Indígena,0.5865
COL,Colinas del Valle,NA,2017,rural,No indígena,0.5065
COL,Colinas del Valle,NA,2017,rural,Total,0.5424
COL,Colinas del Valle,NA,2018,rural,Indígena,0.5888
COL,Colinas del Valle,NA,2018,rural,No indígena,0.5088
COL,Colinas del Valle,NA,2018,rural,Total,0.5459
COL,Colinas del Valle,NA,2019,rural,Indígena,0.5863
COL,Colinas del Valle,NA,2019,rural,No indígena,0.5063
COL,Colinas del Valle,NA,2019,rural,Total,0.5435
COL,Colinas del Valle,NA,2020,rural,Indígena,0.6195
COL,Colinas del Valle,NA,2020,rural,No indígena,0.5395
COL,Colinas del Valle,NA,2020,rural,Total,0.5765
COL,Colinas del Valle,NA,2021,rural,Indígena,0.6093
COL,Colinas del Valle,NA,2021,rural,No indígena,0.5293
COL,Colinas del Valle,NA,2021,rural,Total,0.5648
COL,Colinas del Valle,NA,2022,rural,Indígena,0.5869
COL,Colinas del Valle,NA,2022,rural,No indígena,0.5069
COL,Colinas del Valle,NA,2022,rural,Total,0.5425
COL,Colinas del Valle,NA,2023,rural,Indígena,0.588
COL,Colinas del Valle,NA,2023,rural,No indígena,0.508
COL,Colinas del Valle,NA,2023,rural,Total,0.5435
COL,Colinas del Valle,NA,2024,rural,Indígena,0.587
COL,Colinas del Valle,NA,2024,rural,No indígena,0.507
COL,Colinas del Valle,NA,2024,rural,Total,0.5426
COL,Colinas del Valle,NA,2025,rural,Indígena,0.588
COL,Colinas del Valle,NA,2025,rural,No indígena,0.508
COL,Colinas del Valle,NA,2025,rural,Total,0.5435
COL,El Carmen,NA,2016,periurbano,Indígena,0.4424
COL,El Carmen,NA,2016,periurbano,No indígena,0.3624
COL,El Carmen,NA,2016,periurbano,Total,0.3863
COL,El Carmen,NA,2017,periurbano,Indígena,0.4419
COL,El Carmen,NA,2017,periurbano,No indígena,0.3619
COL,El Carmen,NA,2017,periurbano,Total,0.3862
COL,El Carmen,NA,2018,periurbano,Indígena,0.4442
COL,El Carmen,NA,2018,periurbano,No indígena,0.3642
COL,El Carmen,NA,2018,periurbano,Total,0.3885
COL,El Carmen,NA,2019,periurbano,Indígena,0.4418
COL,El Carmen,NA,2019,periurbano,No indígena,0.3618
COL,El Carmen,NA,2019,periurbano,Total,0.3861
COL,El Carmen,NA,2020,periurbano,Indígena,0.475
COL,El Carmen,NA,2020,periurbano,No indígena,0.395
COL,El Carmen,NA,2020,periurbano,Total,0.4196
COL,El Carmen,NA,2021,periurbano,Indígena,0.4647
COL,El Carmen,NA,2021,periurbano,No indígena,0.3847
COL,El Carmen,NA,2021,periurbano,Total,0.4089
COL,El Carmen,NA,2022,periurbano,Indígena,0.4424
COL,El Carmen,NA,2022,periurbano,No indígena,0.3624
COL,El Carmen,NA,2022,periurbano,Total,0.3861
COL,El Carmen,NA,2023,periurbano,Indígena,0.4334
COL,El Carmen,NA,2023,periurbano,No indígena,0.3534
COL,El Carmen,NA,2023,periurbano,Total,0.3771
COL,El Carmen,NA,2024,periurbano,Indígena,0.4325
COL,El Carmen,NA,2024,periurbano,No indígena,0.3525
COL,El Carmen,NA,2024,periurbano,Total,0.3762
COL,El Carmen,NA,2025,periurbano,Indígena,0.4334
COL,El Carmen,NA,2025,periurbano,No indígena,0.3534
COL,El Carmen,NA,2025,periurbano,Total,0.3771
COL,El Edén,NA,2016,periurbano,Indígena,0.3218
COL,El Edén,NA,2016,periurbano,No indígena,0.2418
COL,El Edén,NA,2016,periurbano,Total,0.2656
COL,El Edén,NA,2017,periurbano,Indígena,0.3213
COL,El Edén,NA,2017,periurbano,No indígena,0.2413
COL,El Edén,NA,2017,periurbano,Total,0.2656
COL,El Edén,NA,2018,periurbano,Indígena,0.3235
COL,El Edén,NA,2018,periurbano,No indígena,0.2435
COL,El Edén,NA,2018,periurbano,Total,0.2679
COL,El Edén,NA,2019,periurbano,Indígena,0.3211
COL,El Edén,NA,2019,periurbano,No indígena,0.2411
COL,El Edén,NA,2019,periurbano,Total,0.2655
COL,El Edén,NA,2020,periurbano,Indígena,0.3543
COL,El Edén,NA,2020,periurbano,No indígena,0.2743
COL,El Edén,NA,2020,periurbano,Total,0.2985
COL,El Edén,NA,2021,periurbano,Indígena,0.3441
COL,El Edén,NA,2021,periurbano,No indígena,0.2641
COL,El Edén,NA,2021,periurbano,Total,0.2877
COL,El Edén,NA,2022,periurbano,Indígena,0.3217
COL,El Edén,NA,2022,periurbano,No indígena,0.2417
COL,El Edén,NA,2022,periurbano,Total,0.266
COL,El Edén,NA,2023,periurbano,Indígena,0.3128
COL,El Edén,NA,2023,periurbano,No indígena,0.2328
COL,El Edén,NA,2023,periurbano,Total,0.2564
COL,El Edén,NA,2024,periurbano,Indígena,0.3118
COL,El Edén,NA,2024,periurbano,No indígena,0.2318
COL,El Edén,NA,2024,periurbano,Total,0.2555
COL,El Edén,NA,2025,periurbano,Indígena,0.3127
COL,El Edén,NA,2025,periurbano,No indígena,0.2327
COL,El Edén,NA,2025,periurbano,Total,0.2564
COL,El Mirador,NA,2016,rural,Indígena,0.771
COL,El Mirador,NA,2016,rural,No indígena,0.691
COL,El Mirador,NA,2016,rural,Total,0.7263
COL,El Mirador,NA,2017,rural,Indígena,0.7706
COL,El Mirador,NA,2017,rural,No indígena,0.6906
COL,El Mirador,NA,2017,rural,Total,0.7258
COL,El Mirador,NA,2018,rural,Indígena,0.7728
COL,El Mirador,NA,2018,rural,No indígena,0.6928
COL,El Mirador,NA,2018,rural,Total,0.7281
COL,El Mirador,NA,2019,rural,Indígena,0.7704
COL,El Mirador,NA,2019,rural,No indígena,0.6904
COL,El Mirador,NA,2019,rural,Total,0.7267
COL,El Mirador,NA,2020,rural,Indígena,0.8036
COL,El Mirador,NA,2020,rural,No indígena,0.7236
COL,El Mirador,NA,2020,rural,Total,0.7597
COL,El Mirador,NA,2021,rural,Indígena,0.7933
COL,El Mirador,NA,2021,rural,No indígena,0.7133
COL,El Mirador,NA,2021,rural,Total,0.7497
COL,El Mirador,NA,2022,rural,Indígena,0.771
COL,El Mirador,NA,2022,rural,No indígena,0.691
COL,El Mirador,NA,2022,rural,Total,0.7273
COL,El Mirador,NA,2023,rural,Indígena,0.772
COL,El Mirador,NA,2023,rural,No indígena,0.692
COL,El Mirador,NA,2023,rural,Total,0.7284
COL,El Mirador,NA,2024,rural,Indígena,0.7711
COL,El Mirador,NA,2024,rural,No indígena,0.6911
COL,El Mirador,NA,2024,rural,Total,0.7274
COL,El Mirador,NA,2025,rural,Indígena,0.772
COL,El Mirador,NA,2025,rural,No indígena,0.692
COL,El Mirador,NA,2025,rural,Total,0.7284
COL,El Porvenir,NA,2016,rural,Indígena,0.6068
COL,El Porvenir,NA,2016,rural,No indígena,0.5268
COL,El Porvenir,NA,2016,rural,Total,0.5629
COL,El Porvenir,NA,2017,rural,Indígena,0.6063
COL,El Porvenir,NA,2017,rural,No indígena,0.5263
COL,El Porvenir,NA,2017,rural,Total,0.5624
COL,El Porvenir,NA,2018,rural,Indígena,0.6085
COL,El Porvenir,NA,2018,rural,No indígena,0.5285
COL,El Porvenir,NA,2018,rural,Total,0.5646
COL,El Porvenir,NA,2019,rural,Indígena,0.6061
COL,El Porvenir,NA,2019,rural,No indígena,0.5261
COL,El Porvenir,NA,2019,rural,Total,0.5622
COL,El Porvenir,NA,2020,rural,Indígena,0.6393
COL,El Porvenir,NA,2020,rural,No indígena,0.5593
COL,El Porvenir,NA,2020,rural,Total,0.5952
COL,El Porvenir,NA,2021,rural,Indígena,0.629
COL,El Porvenir,NA,2021,rural,No indígena,0.549
COL,El Porvenir,NA,2021,rural,Total,0.5849
COL,El Porvenir,NA,2022,rural,Indígena,0.6067
COL,El Porvenir,NA,2022,rural,No indígena,0.5267
COL,El Porvenir,NA,2022,rural,Total,0.5628
COL,El Porvenir,NA,2023,rural,Indígena,0.6078
COL,El Porvenir,NA,2023,rural,No indígena,0.5278
COL,El Porvenir,NA,2023,rural,Total,0.5639
COL,El Porvenir,NA,2024,rural,Indígena,0.6068
COL,El Porvenir,NA,2024,rural,No indígena,0.5268
COL,El Porvenir,NA,2024,rural,Total,0.5629
COL,El Porvenir,NA,2025,rural,Indígena,0.6077
COL,El Porvenir,NA,2025,rural,No indígena,0.5277
COL,El Porvenir,NA,2025,rural,Total,0.5636
COL,La Alameda,NA,2016,rural,Indígena,0.6509
COL,La Alameda,NA,2016,rural,No indígena,0.5709
COL,La Alameda,NA,2016,rural,Total,0.6059
COL,La Alameda,NA,2017,rural,Indígena,0.6504
COL,La Alameda,NA,2017,rural,No indígena,0.5704
COL,La Alameda,NA,2017,rural,Total,0.6054
COL,La Alameda,NA,2018,rural,Indígena,0.6526
COL,La Alameda,NA,2018,rural,No indígena,0.5726
COL,La Alameda,NA,2018,rural,Total,0.6087
COL,La Alameda,NA,2019,rural,Indígena,0.6502
COL,La Alameda,NA,2019,rural,No indígena,0.5702
COL,La Alameda,NA,2019,rural,Total,0.6063
COL,La Alameda,NA,2020,rural,Indígena,0.6834
COL,La Alameda,NA,2020,rural,No indígena,0.6034
COL,La Alameda,NA,2020,rural,Total,0.6393
COL,La Alameda,NA,2021,rural,Indígena,0.6731
COL,La Alameda,NA,2021,rural,No indígena,0.5931
COL,La Alameda,NA,2021,rural,Total,0.6293
COL,La Alameda,NA,2022,rural,Indígena,0.6508
COL,La Alameda,NA,2022,rural,No indígena,0.5708
COL,La Alameda,NA,2022,rural,Total,0.6069
COL,La Alameda,NA,2023,rural,Indígena,0.6519
COL,La Alameda,NA,2023,rural,No indígena,0.5719
COL,La Alameda,NA,2023,rural,Total,0.608
COL,La Alameda,NA,2024,rural,Indígena,0.6509
COL,La Alameda,NA,2024,rural,No indígena,0.5709
COL,La Alameda,NA,2024,rural,Total,0.607
COL,La Alameda,NA,2025,rural,Indígena,0.6518
COL,La Alameda,NA,2025,rural,No indígena,0.5718
COL,La Alameda,NA,2025,rural,Total,0.608
COL,La Arboleda,NA,2016,periurbano,Indígena,0.4015
COL,La Arboleda,NA,2016,periurbano,No indígena,0.3215
COL,La Arboleda,NA,2016,periurbano,Total,0.3456
COL,La Arboleda,NA,2017,periurbano,Indígena,0.401
COL,La Arboleda,NA,2017,periurbano,No indígena,0.321
COL,La Arboleda,NA,2017,periurbano,Total,0.3451
COL,La Arboleda,NA,2018,periurbano,Indígena,0.4032
COL,La Arboleda,NA,2018,periurbano,No indígena,0.3232
COL,La Arboleda,NA,2018,periurbano,Total,0.3473
COL,La Arboleda,NA,2019,periurbano,Indígena,0.4008
COL,La Arboleda,NA,2019,periurbano,No indígena,0.3208
COL,La Arboleda,NA,2019,periurbano,Total,0.3452
COL,La Arboleda,NA,2020,periurbano,Indígena,0.434
COL,La Arboleda,NA,2020,periurbano,No indígena,0.354
COL,La Arboleda,NA,2020,periurbano,Total,0.3779
COL,La Arboleda,NA,2021,periurbano,Indígena,0.4237
COL,La Arboleda,NA,2021,periurbano,No indígena,0.3437
COL,La Arboleda,NA,2021,periurbano,Total,0.3681
COL,La Arboleda,NA,2022,periurbano,Indígena,0.4014
COL,La Arboleda,NA,2022,periurbano,No indígena,0.3214
COL,La Arboleda,NA,2022,periurbano,Total,0.3454
COL,La Arboleda,NA,2023,periurbano,Indígena,0.3925
COL,La Arboleda,NA,2023,periurbano,No indígena,0.3125
COL,La Arboleda,NA,2023,periurbano,Total,0.3365
COL,La Arboleda,NA,2024,periurbano,Indígena,0.3915
COL,La Arboleda,NA,2024,periurbano,No indígena,0.3115
COL,La Arboleda,NA,2024,periurbano,Total,0.3355
COL,La Arboleda,NA,2025,periurbano,Indígena,0.3924
COL,La Arboleda,NA,2025,periurbano,No indígena,0.3124
COL,La Arboleda,NA,2025,periurbano,Total,0.3364
COL,La Cañada,NA,2016,rural,Indígena,0.6062
COL,La Cañada,NA,2016,rural,No indígena,0.5262
COL,La Cañada,NA,2016,rural,Total,0.5626
COL,La Cañada,NA,2017,rural,Indígena,0.6057
COL,La Cañada,NA,2017,rural,No indígena,0.5257
COL,La Cañada,NA,2017,rural,Total,0.5621
COL,La Cañada,NA,2018,rural,Indígena,0.608
COL,La Cañada,NA,2018,rural,No indígena,0.528
COL,La Cañada,NA,2018,rural,Total,0.5643
COL,La Cañada,NA,2019,rural,Indígena,0.6055
COL,La Cañada,NA,2019,rural,No indígena,0.5255
COL,La Cañada,NA,2019,rural,Total,0.5605
COL,La Cañada,NA,2020,rural,Indígena,0.6388
COL,La Cañada,NA,2020,rural,No indígena,0.5588
COL,La Cañada,NA,2020,rural,Total,0.5949
COL,La Cañada,NA,2021,rural,Indígena,0.6285
COL,La Cañada,NA,2021,rural,No indígena,0.5485
COL,La Cañada,NA,2021,rural,Total,0.5846
COL,La Cañada,NA,2022,rural,Indígena,0.6061
COL,La Cañada,NA,2022,rural,No indígena,0.5261
COL,La Cañada,NA,2022,rural,Total,0.5623
COL,La Cañada,NA,2023,rural,Indígena,0.6072
COL,La Cañada,NA,2023,rural,No indígena,0.5272
COL,La Cañada,NA,2023,rural,Total,0.5633
COL,La Cañada,NA,2024,rural,Indígena,0.6062
COL,La Cañada,NA,2024,rural,No indígena,0.5262
COL,La Cañada,NA,2024,rural,Total,0.5624
COL,La Cañada,NA,2025,rural,Indígena,0.6072
COL,La Cañada,NA,2025,rural,No indígena,0.5272
COL,La Cañada,NA,2025,rural,Total,0.5633
COL,La Esperanza,NA,2016,urbano,Indígena,0.3919
COL,La Esperanza,NA,2016,urbano,No indígena,0.3119
COL,La Esperanza,NA,2016,urbano,Total,0.3239
COL,La Esperanza,NA,2017,urbano,Indígena,0.3914
COL,La Esperanza,NA,2017,urbano,No indígena,0.3114
COL,La Esperanza,NA,2017,urbano,Total,0.3234
COL,La Esperanza,NA,2018,urbano,Indígena,0.3937
COL,La Esperanza,NA,2018,urbano,No indígena,0.3137
COL,La Esperanza,NA,2018,urbano,Total,0.3257
COL,La Esperanza,NA,2019,urbano,Indígena,0.3912
COL,La Esperanza,NA,2019,urbano,No indígena,0.3112
COL,La Esperanza,NA,2019,urbano,Total,0.3234
COL,La Esperanza,NA,2020,urbano,Indígena,0.4244
COL,La Esperanza,NA,2020,urbano,No indígena,0.3444
COL,La Esperanza,NA,2020,urbano,Total,0.3565
COL,La Esperanza,NA,2021,urbano,Indígena,0.4142
COL,La Esperanza,NA,2021,urbano,No indígena,0.3342
COL,La Esperanza,NA,2021,urbano,Total,0.346
COL,La Esperanza,NA,2022,urbano,Indígena,0.3918
COL,La Esperanza,NA,2022,urbano,No indígena,0.3118
COL,La Esperanza,NA,2022,urbano,Total,0.3241
COL,La Esperanza,NA,2023,urbano,Indígena,0.3779
COL,La Esperanza,NA,2023,urbano,No indígena,0.2979
COL,La Esperanza,NA,2023,urbano,Total,0.3103
COL,La Esperanza,NA,2024,urbano,Indígena,0.3769
COL,La Esperanza,NA,2024,urbano,No indígena,0.2969
COL,La Esperanza,NA,2024,urbano,Total,0.3086
COL,La Esperanza,NA,2025,urbano,Indígena,0.3779
COL,La Esperanza,NA,2025,urbano,No indígena,0.2979
COL,La Esperanza,NA,2025,urbano,Total,0.3097
COL,La Primavera,NA,2016,periurbano,Indígena,0.6195
COL,La Primavera,NA,2016,periurbano,No indígena,0.5395
COL,La Primavera,NA,2016,periurbano,Total,0.5629
COL,La Primavera,NA,2017,periurbano,Indígena,0.619
COL,La Primavera,NA,2017,periurbano,No indígena,0.539
COL,La Primavera,NA,2017,periurbano,Total,0.5624
COL,La Primavera,NA,2018,periurbano,Indígena,0.6212
COL,La Primavera,NA,2018,periurbano,No indígena,0.5412
COL,La Primavera,NA,2018,periurbano,Total,0.5651
COL,La Primavera,NA,2019,periurbano,Indígena,0.6188
COL,La Primavera,NA,2019,periurbano,No indígena,0.5388
COL,La Primavera,NA,2019,periurbano,Total,0.5627
COL,La Primavera,NA,2020,periurbano,Indígena,0.652
COL,La Primavera,NA,2020,periurbano,No indígena,0.572
COL,La Primavera,NA,2020,periurbano,Total,0.5962
COL,La Primavera,NA,2021,periurbano,Indígena,0.6418
COL,La Primavera,NA,2021,periurbano,No indígena,0.5618
COL,La Primavera,NA,2021,periurbano,Total,0.586
COL,La Primavera,NA,2022,periurbano,Indígena,0.6194
COL,La Primavera,NA,2022,periurbano,No indígena,0.5394
COL,La Primavera,NA,2022,periurbano,Total,0.5637
COL,La Primavera,NA,2023,periurbano,Indígena,0.6105
COL,La Primavera,NA,2023,periurbano,No indígena,0.5305
COL,La Primavera,NA,2023,periurbano,Total,0.5548
COL,La Primavera,NA,2024,periurbano,Indígena,0.6095
COL,La Primavera,NA,2024,periurbano,No indígena,0.5295
COL,La Primavera,NA,2024,periurbano,Total,0.5538
COL,La Primavera,NA,2025,periurbano,Indígena,0.6104
COL,La Primavera,NA,2025,periurbano,No indígena,0.5304
COL,La Primavera,NA,2025,periurbano,Total,0.5547
COL,La Rivera,NA,2016,urbano,Indígena,0.2722
COL,La Rivera,NA,2016,urbano,No indígena,0.1922
COL,La Rivera,NA,2016,urbano,Total,0.2039
COL,La Rivera,NA,2017,urbano,Indígena,0.2717
COL,La Rivera,NA,2017,urbano,No indígena,0.1917
COL,La Rivera,NA,2017,urbano,Total,0.2036
COL,La Rivera,NA,2018,urbano,Indígena,0.274
COL,La Rivera,NA,2018,urbano,No indígena,0.194
COL,La Rivera,NA,2018,urbano,Total,0.2058
COL,La Rivera,NA,2019,urbano,Indígena,0.2715
COL,La Rivera,NA,2019,urbano,No indígena,0.1915
COL,La Rivera,NA,2019,urbano,Total,0.2034
COL,La Rivera,NA,2020,urbano,Indígena,0.3048
COL,La Rivera,NA,2020,urbano,No indígena,0.2248
COL,La Rivera,NA,2020,urbano,Total,0.2365
COL,La Rivera,NA,2021,urbano,Indígena,0.2945
COL,La Rivera,NA,2021,urbano,No indígena,0.2145
COL,La Rivera,NA,2021,urbano,Total,0.2268
COL,La Rivera,NA,2022,urbano,Indígena,0.2721
COL,La Rivera,NA,2022,urbano,No indígena,0.1921
COL,La Rivera,NA,2022,urbano,Total,0.2041
COL,La Rivera,NA,2023,urbano,Indígena,0.2582
COL,La Rivera,NA,2023,urbano,No indígena,0.1782
COL,La Rivera,NA,2023,urbano,Total,0.1903
COL,La Rivera,NA,2024,urbano,Indígena,0.2572
COL,La Rivera,NA,2024,urbano,No indígena,0.1772
COL,La Rivera,NA,2024,urbano,Total,0.1894
COL,La Rivera,NA,2025,urbano,Indígena,0.2582
COL,La Rivera,NA,2025,urbano,No indígena,0.1782
COL,La Rivera,NA,2025,urbano,Total,0.1905
COL,Las Brisas,NA,2016,rural,Indígena,0.6794
COL,Las Brisas,NA,2016,rural,No indígena,0.5994
COL,Las Brisas,NA,2016,rural,Total,0.6355
COL,Las Brisas,NA,2017,rural,Indígena,0.6789
COL,Las Brisas,NA,2017,rural,No indígena,0.5989
COL,Las Brisas,NA,2017,rural,Total,0.6351
COL,Las Brisas,NA,2018,rural,Indígena,0.6812
COL,Las Brisas,NA,2018,rural,No indígena,0.6012
COL,Las Brisas,NA,2018,rural,Total,0.6373
COL,Las Brisas,NA,2019,rural,Indígena,0.6787
COL,Las Brisas,NA,2019,rural,No indígena,0.5987
COL,Las Brisas,NA,2019,rural,Total,0.6349
COL,Las Brisas,NA,2020,rural,Indígena,0.712
COL,Las Brisas,NA,2020,rural,No indígena,0.632
COL,Las Brisas,NA,2020,rural,Total,0.6678
COL,Las Brisas,NA,2021,rural,Indígena,0.7017
COL,Las Brisas,NA,2021,rural,No indígena,0.6217
COL,Las Brisas,NA,2021,rural,Total,0.6576
COL,Las Brisas,NA,2022,rural,Indígena,0.6793
COL,Las Brisas,NA,2022,rural,No indígena,0.5993
COL,Las Brisas,NA,2022,rural,Total,0.6355
COL,Las Brisas,NA,2023,rural,Indígena,0.6804
COL,Las Brisas,NA,2023,rural,No indígena,0.6004
COL,Las Brisas,NA,2023,rural,Total,0.6363
COL,Las Brisas,NA,2024,rural,Indígena,0.6795
COL,Las Brisas,NA,2024,rural,No indígena,0.5995
COL,Las Brisas,NA,2024,rural,Total,0.6353
COL,Las Brisas,NA,2025,rural,Indígena,0.6804
COL,Las Brisas,NA,2025,rural,No indígena,0.6004
COL,Las Brisas,NA,2025,rural,Total,0.6362
COL,Las Palmas,NA,2016,periurbano,Indígena,0.3187
COL,Las Palmas,NA,2016,periurbano,No indígena,0.2387
COL,Las Palmas,NA,2016,periurbano,Total,0.2626
COL,Las Palmas,NA,2017,periurbano,Indígena,0.3182
COL,Las Palmas,NA,2017,periurbano,No indígena,0.2382
COL,Las Palmas,NA,2017,periurbano,Total,0.2624
COL,Las Palmas,NA,2018,periurbano,Indígena,0.3204
COL,Las Palmas,NA,2018,periurbano,No indígena,0.2404
COL,Las Palmas,NA,2018,periurbano,Total,0.2646
COL,Las Palmas,NA,2019,periurbano,Indígena,0.318
COL,Las Palmas,NA,2019,periurbano,No indígena,0.238
COL,Las Palmas,NA,2019,periurbano,Total,0.2622
COL,Las Palmas,NA,2020,periurbano,Indígena,0.3512
COL,Las Palmas,NA,2020,periurbano,No indígena,0.2712
COL,Las Palmas,NA,2020,periurbano,Total,0.2952
COL,Las Palmas,NA,2021,periurbano,Indígena,0.3409
COL,Las Palmas,NA,2021,periurbano,No indígena,0.2609
COL,Las Palmas,NA,2021,periurbano,Total,0.285
COL,Las Palmas,NA,2022,periurbano,Indígena,0.3186
COL,Las Palmas,NA,2022,periurbano,No indígena,0.2386
COL,Las Palmas,NA,2022,periurbano,Total,0.2624
COL,Las Palmas,NA,2023,periurbano,Indígena,0.3097
COL,Las Palmas,NA,2023,periurbano,No indígena,0.2297
COL,Las Palmas,NA,2023,periurbano,Total,0.2534
COL,Las Palmas,NA,2024,periurbano,Indígena,0.3087
COL,Las Palmas,NA,2024,periurbano,No indígena,0.2287
COL,Las Palmas,NA,2024,periurbano,Total,0.2528
COL,Las Palmas,NA,2025,periurbano,Indígena,0.3096
COL,Las Palmas,NA,2025,periurbano,No indígena,0.2296
COL,Las Palmas,NA,2025,periurbano,Total,0.2537
COL,Los Arrayanes,NA,2016,rural,Indígena,0.738
COL,Los Arrayanes,NA,2016,rural,No indígena,0.658
COL,Los Arrayanes,NA,2016,rural,Total,0.6944
COL,Los Arrayanes,NA,2017,rural,Indígena,0.7375
COL,Los Arrayanes,NA,2017,rural,No indígena,0.6575
COL,Los Arrayanes,NA,2017,rural,Total,0.6939
COL,Los Arrayanes,NA,2018,rural,Indígena,0.7397
COL,Los Arrayanes,NA,2018,rural,No indígena,0.6597
COL,Los Arrayanes,NA,2018,rural,Total,0.6961
COL,Los Arrayanes,NA,2019,rural,Indígena,0.7373
COL,Los Arrayanes,NA,2019,rural,No indígena,0.6573
COL,Los Arrayanes,NA,2019,rural,Total,0.6937
COL,Los Arrayanes,NA,2020,rural,Indígena,0.7705
COL,Los Arrayanes,NA,2020,rural,No indígena,0.6905
COL,Los Arrayanes,NA,2020,rural,Total,0.7265
COL,Los Arrayanes,NA,2021,rural,Indígena,0.7603
COL,Los Arrayanes,NA,2021,rural,No indígena,0.6803
COL,Los Arrayanes,NA,2021,rural,Total,0.7145
COL,Los Arrayanes,NA,2022,rural,Indígena,0.7379
COL,Los Arrayanes,NA,2022,rural,No indígena,0.6579
COL,Los Arrayanes,NA,2022,rural,Total,0.6943
COL,Los Arrayanes,NA,2023,rural,Indígena,0.739
COL,Los Arrayanes,NA,2023,rural,No indígena,0.659
COL,Los Arrayanes,NA,2023,rural,Total,0.6953
COL,Los Arrayanes,NA,2024,rural,Indígena,0.738
COL,Los Arrayanes,NA,2024,rural,No indígena,0.658
COL,Los Arrayanes,NA,2024,rural,Total,0.6944
COL,Los Arrayanes,NA,2025,rural,Indígena,0.739
COL,Los Arrayanes,NA,2025,rural,No indígena,0.659
COL,Los Arrayanes,NA,2025,rural,Total,0.6932
COL,Los Pinos,NA,2016,rural,Indígena,0.6197
COL,Los Pinos,NA,2016,rural,No indígena,0.5397
COL,Los Pinos,NA,2016,rural,Total,0.5758
COL,Los Pinos,NA,2017,rural,Indígena,0.6192
COL,Los Pinos,NA,2017,rural,No indígena,0.5392
COL,Los Pinos,NA,2017,rural,Total,0.5753
COL,Los Pinos,NA,2018,rural,Indígena,0.6215
COL,Los Pinos,NA,2018,rural,No indígena,0.5415
COL,Los Pinos,NA,2018,rural,Total,0.5776
COL,Los Pinos,NA,2019,rural,Indígena,0.619
COL,Los Pinos,NA,2019,rural,No indígena,0.539
COL,Los Pinos,NA,2019,rural,Total,0.5752
COL,Los Pinos,NA,2020,rural,Indígena,0.6523
COL,Los Pinos,NA,2020,rural,No indígena,0.5723
COL,Los Pinos,NA,2020,rural,Total,0.6081
COL,Los Pinos,NA,2021,rural,Indígena,0.642
COL,Los Pinos,NA,2021,rural,No indígena,0.562
COL,Los Pinos,NA,2021,rural,Total,0.5978
COL,Los Pinos,NA,2022,rural,Indígena,0.6196
COL,Los Pinos,NA,2022,rural,No indígena,0.5396
COL,Los Pinos,NA,2022,rural,Total,0.5755
COL,Los Pinos,NA,2023,rural,Indígena,0.6207
COL,Los Pinos,NA,2023,rural,No indígena,0.5407
COL,Los Pinos,NA,2023,rural,Total,0.5766
COL,Los Pinos,NA,2024,rural,Indígena,0.6197
COL,Los Pinos,NA,2024,rural,No indígena,0.5397
COL,Los Pinos,NA,2024,rural,Total,0.5756
COL,Los Pinos,NA,2025,rural,Indígena,0.6207
COL,Los Pinos,NA,2025,rural,No indígena,0.5407
COL,Los Pinos,NA,2025,rural,Total,0.5765
COL,Los Álamos,NA,2016,rural,Indígena,0.6201
COL,Los Álamos,NA,2016,rural,No indígena,0.5401
COL,Los Álamos,NA,2016,rural,Total,0.5748
COL,Los Álamos,NA,2017,rural,Indígena,0.6196
COL,Los Álamos,NA,2017,rural,No indígena,0.5396
COL,Los Álamos,NA,2017,rural,Total,0.5759
COL,Los Álamos,NA,2018,rural,Indígena,0.6218
COL,Los Álamos,NA,2018,rural,No indígena,0.5418
COL,Los Álamos,NA,2018,rural,Total,0.5782
COL,Los Álamos,NA,2019,rural,Indígena,0.6194
COL,Los Álamos,NA,2019,rural,No indígena,0.5394
COL,Los Álamos,NA,2019,rural,Total,0.5758
COL,Los Álamos,NA,2020,rural,Indígena,0.6526
COL,Los Álamos,NA,2020,rural,No indígena,0.5726
COL,Los Álamos,NA,2020,rural,Total,0.6069
COL,Los Álamos,NA,2021,rural,Indígena,0.6423
COL,Los Álamos,NA,2021,rural,No indígena,0.5623
COL,Los Álamos,NA,2021,rural,Total,0.5987
COL,Los Álamos,NA,2022,rural,Indígena,0.62
COL,Los Álamos,NA,2022,rural,No indígena,0.54
COL,Los Álamos,NA,2022,rural,Total,0.5763
COL,Los Álamos,NA,2023,rural,Indígena,0.621
COL,Los Álamos,NA,2023,rural,No indígena,0.541
COL,Los Álamos,NA,2023,rural,Total,0.5774
COL,Los Álamos,NA,2024,rural,Indígena,0.6201
COL,Los Álamos,NA,2024,rural,No indígena,0.5401
COL,Los Álamos,NA,2024,rural,Total,0.5765
COL,Los Álamos,NA,2025,rural,Indígena,0.621
COL,Los Álamos,NA,2025,rural,No indígena,0.541
COL,Los Álamos,NA,2025,rural,Total,0.5774
COL,Nueva Esperanza,NA,2016,periurbano,Indígena,0.5383
COL,Nueva Esperanza,NA,2016,periurbano,No indígena,0.4583
COL,Nueva Esperanza,NA,2016,periurbano,Total,0.4825
COL,Nueva Esperanza,NA,2017,periurbano,Indígena,0.5378
COL,Nueva Esperanza,NA,2017,periurbano,No indígena,0.4578
COL,Nueva Esperanza,NA,2017,periurbano,Total,0.482
COL,Nueva Esperanza,NA,2018,periurbano,Indígena,0.5401
COL,Nueva Esperanza,NA,2018,periurbano,No indígena,0.4601
COL,Nueva Esperanza,NA,2018,periurbano,Total,0.4847
COL,Nueva Esperanza,NA,2019,periurbano,Indígena,0.5377
COL,Nueva Esperanza,NA,2019,periurbano,No indígena,0.4577
COL,Nueva Esperanza,NA,2019,periurbano,Total,0.4823
COL,Nueva Esperanza,NA,2020,periurbano,Indígena,0.5709
COL,Nueva Esperanza,NA,2020,periurbano,No indígena,0.4909
COL,Nueva Esperanza,NA,2020,periurbano,Total,0.5154
COL,Nueva Esperanza,NA,2021,periurbano,Indígena,0.5606
COL,Nueva Esperanza,NA,2021,periurbano,No indígena,0.4806
COL,Nueva Esperanza,NA,2021,periurbano,Total,0.5046
COL,Nueva Esperanza,NA,2022,periurbano,Indígena,0.5382
COL,Nueva Esperanza,NA,2022,periurbano,No indígena,0.4582
COL,Nueva Esperanza,NA,2022,periurbano,Total,0.4818
COL,Nueva Esperanza,NA,2023,periurbano,Indígena,0.5293
COL,Nueva Esperanza,NA,2023,periurbano,No indígena,0.4493
COL,Nueva Esperanza,NA,2023,periurbano,Total,0.4733
COL,Nueva Esperanza,NA,2024,periurbano,Indígena,0.5284
COL,Nueva Esperanza,NA,2024,periurbano,No indígena,0.4484
COL,Nueva Esperanza,NA,2024,periurbano,Total,0.4724
COL,Nueva Esperanza,NA,2025,periurbano,Indígena,0.5293
COL,Nueva Esperanza,NA,2025,periurbano,No indígena,0.4493
COL,Nueva Esperanza,NA,2025,periurbano,Total,0.4733
COL,Nueva Vida,NA,2016,periurbano,Indígena,0.5271
COL,Nueva Vida,NA,2016,periurbano,No indígena,0.4471
COL,Nueva Vida,NA,2016,periurbano,Total,0.4717
COL,Nueva Vida,NA,2017,periurbano,Indígena,0.5266
COL,Nueva Vida,NA,2017,periurbano,No indígena,0.4466
COL,Nueva Vida,NA,2017,periurbano,Total,0.4712
COL,Nueva Vida,NA,2018,periurbano,Indígena,0.5289
COL,Nueva Vida,NA,2018,periurbano,No indígena,0.4489
COL,Nueva Vida,NA,2018,periurbano,Total,0.4724
COL,Nueva Vida,NA,2019,periurbano,Indígena,0.5265
COL,Nueva Vida,NA,2019,periurbano,No indígena,0.4465
COL,Nueva Vida,NA,2019,periurbano,Total,0.47
COL,Nueva Vida,NA,2020,periurbano,Indígena,0.5597
COL,Nueva Vida,NA,2020,periurbano,No indígena,0.4797
COL,Nueva Vida,NA,2020,periurbano,Total,0.503
COL,Nueva Vida,NA,2021,periurbano,Indígena,0.5494
COL,Nueva Vida,NA,2021,periurbano,No indígena,0.4694
COL,Nueva Vida,NA,2021,periurbano,Total,0.4934
COL,Nueva Vida,NA,2022,periurbano,Indígena,0.527
COL,Nueva Vida,NA,2022,periurbano,No indígena,0.447
COL,Nueva Vida,NA,2022,periurbano,Total,0.471
COL,Nueva Vida,NA,2023,periurbano,Indígena,0.5181
COL,Nueva Vida,NA,2023,periurbano,No indígena,0.4381
COL,Nueva Vida,NA,2023,periurbano,Total,0.4621
COL,Nueva Vida,NA,2024,periurbano,Indígena,0.5172
COL,Nueva Vida,NA,2024,periurbano,No indígena,0.4372
COL,Nueva Vida,NA,2024,periurbano,Total,0.4612
COL,Nueva Vida,NA,2025,periurbano,Indígena,0.5181
COL,Nueva Vida,NA,2025,periurbano,No indígena,0.4381
COL,Nueva Vida,NA,2025,periurbano,Total,0.4621
COL,Plaza del Valle,NA,2016,rural,Indígena,0.7277
COL,Plaza del Valle,NA,2016,rural,No indígena,0.6477
COL,Plaza del Valle,NA,2016,rural,Total,0.6838
COL,Plaza del Valle,NA,2017,rural,Indígena,0.7272
COL,Plaza del Valle,NA,2017,rural,No indígena,0.6472
COL,Plaza del Valle,NA,2017,rural,Total,0.6833
COL,Plaza del Valle,NA,2018,rural,Indígena,0.7295
COL,Plaza del Valle,NA,2018,rural,No indígena,0.6495
COL,Plaza del Valle,NA,2018,rural,Total,0.6856
COL,Plaza del Valle,NA,2019,rural,Indígena,0.727
COL,Plaza del Valle,NA,2019,rural,No indígena,0.647
COL,Plaza del Valle,NA,2019,rural,Total,0.6832
COL,Plaza del Valle,NA,2020,rural,Indígena,0.7603
COL,Plaza del Valle,NA,2020,rural,No indígena,0.6803
COL,Plaza del Valle,NA,2020,rural,Total,0.7161
COL,Plaza del Valle,NA,2021,rural,Indígena,0.75
COL,Plaza del Valle,NA,2021,rural,No indígena,0.67
COL,Plaza del Valle,NA,2021,rural,Total,0.7058
COL,Plaza del Valle,NA,2022,rural,Indígena,0.7276
COL,Plaza del Valle,NA,2022,rural,No indígena,0.6476
COL,Plaza del Valle,NA,2022,rural,Total,0.6838
COL,Plaza del Valle,NA,2023,rural,Indígena,0.7287
COL,Plaza del Valle,NA,2023,rural,No indígena,0.6487
COL,Plaza del Valle,NA,2023,rural,Total,0.6846
COL,Plaza del Valle,NA,2024,rural,Indígena,0.7277
COL,Plaza del Valle,NA,2024,rural,No indígena,0.6477
COL,Plaza del Valle,NA,2024,rural,Total,0.6836
COL,Plaza del Valle,NA,2025,rural,Indígena,0.7287
COL,Plaza del Valle,NA,2025,rural,No indígena,0.6487
COL,Plaza del Valle,NA,2025,rural,Total,0.6845
COL,San Isidro,NA,2016,rural,Indígena,0.693
COL,San Isidro,NA,2016,rural,No indígena,0.613
COL,San Isidro,NA,2016,rural,Total,0.6494
COL,San Isidro,NA,2017,rural,Indígena,0.6925
COL,San Isidro,NA,2017,rural,No indígena,0.6125
COL,San Isidro,NA,2017,rural,Total,0.6489
COL,San Isidro,NA,2018,rural,Indígena,0.6947
COL,San Isidro,NA,2018,rural,No indígena,0.6147
COL,San Isidro,NA,2018,rural,Total,0.6511
COL,San Isidro,NA,2019,rural,Indígena,0.6923
COL,San Isidro,NA,2019,rural,No indígena,0.6123
COL,San Isidro,NA,2019,rural,Total,0.6487
COL,San Isidro,NA,2020,rural,Indígena,0.7255
COL,San Isidro,NA,2020,rural,No indígena,0.6455
COL,San Isidro,NA,2020,rural,Total,0.6815
COL,San Isidro,NA,2021,rural,Indígena,0.7153
COL,San Isidro,NA,2021,rural,No indígena,0.6353
COL,San Isidro,NA,2021,rural,Total,0.6713
COL,San Isidro,NA,2022,rural,Indígena,0.6929
COL,San Isidro,NA,2022,rural,No indígena,0.6129
COL,San Isidro,NA,2022,rural,Total,0.6489
COL,San Isidro,NA,2023,rural,Indígena,0.694
COL,San Isidro,NA,2023,rural,No indígena,0.614
COL,San Isidro,NA,2023,rural,Total,0.65
COL,San Isidro,NA,2024,rural,Indígena,0.693
COL,San Isidro,NA,2024,rural,No indígena,0.613
COL,San Isidro,NA,2024,rural,Total,0.649
COL,San Isidro,NA,2025,rural,Indígena,0.694
COL,San Isidro,NA,2025,rural,No indígena,0.614
COL,San Isidro,NA,2025,rural,Total,0.65
COL,San Joaquín,NA,2016,periurbano,Indígena,0.3896
COL,San Joaquín,NA,2016,periurbano,No indígena,0.3096
COL,San Joaquín,NA,2016,periurbano,Total,0.3336
COL,San Joaquín,NA,2017,periurbano,Indígena,0.3891
COL,San Joaquín,NA,2017,periurbano,No indígena,0.3091
COL,San Joaquín,NA,2017,periurbano,Total,0.3331
COL,San Joaquín,NA,2018,periurbano,Indígena,0.3913
COL,San Joaquín,NA,2018,periurbano,No indígena,0.3113
COL,San Joaquín,NA,2018,periurbano,Total,0.3353
COL,San Joaquín,NA,2019,periurbano,Indígena,0.3889
COL,San Joaquín,NA,2019,periurbano,No indígena,0.3089
COL,San Joaquín,NA,2019,periurbano,Total,0.3329
COL,San Joaquín,NA,2020,periurbano,Indígena,0.4221
COL,San Joaquín,NA,2020,periurbano,No indígena,0.3421
COL,San Joaquín,NA,2020,periurbano,Total,0.3664
COL,San Joaquín,NA,2021,periurbano,Indígena,0.4118
COL,San Joaquín,NA,2021,periurbano,No indígena,0.3318
COL,San Joaquín,NA,2021,periurbano,Total,0.3557
COL,San Joaquín,NA,2022,periurbano,Indígena,0.3895
COL,San Joaquín,NA,2022,periurbano,No indígena,0.3095
COL,San Joaquín,NA,2022,periurbano,Total,0.3329
COL,San Joaquín,NA,2023,periurbano,Indígena,0.3806
COL,San Joaquín,NA,2023,periurbano,No indígena,0.3006
COL,San Joaquín,NA,2023,periurbano,Total,0.324
COL,San Joaquín,NA,2024,periurbano,Indígena,0.3796
COL,San Joaquín,NA,2024,periurbano,No indígena,0.2996
COL,San Joaquín,NA,2024,periurbano,Total,0.3235
COL,San Joaquín,NA,2025,periurbano,Indígena,0.3805
COL,San Joaquín,NA,2025,periurbano,No indígena,0.3005
COL,San Joaquín,NA,2025,periurbano,Total,0.3244
COL,San Martín del Valle,NA,2016,Total,Indígena,0.5455
COL,San Martín del Valle,NA,2016,Total,No indígena,0.4092
COL,San Martín del Valle,NA,2016,Total,Total,0.4522
COL,San Martín del Valle,NA,2016,periurbano,Indígena,0.4713
COL,San Martín del Valle,NA,2016,periurbano,No indígena,0.3914
COL,San Martín del Valle,NA,2016,periurbano,Total,0.4153
COL,San Martín del Valle,NA,2016,rural,Indígena,0.6723
COL,San Martín del Valle,NA,2016,rural,No indígena,0.5927
COL,San Martín del Valle,NA,2016,rural,Total,0.6283
COL,San Martín del Valle,NA,2016,urbano,Indígena,0.3396
COL,San Martín del Valle,NA,2016,urbano,No indígena,0.2591
COL,San Martín del Valle,NA,2016,urbano,Total,0.271
COL,San Martín del Valle,NA,2017,Total,Indígena,0.5449
COL,San Martín del Valle,NA,2017,Total,No indígena,0.4089
COL,San Martín del Valle,NA,2017,Total,Total,0.452
COL,San Martín del Valle,NA,2017,periurbano,Indígena,0.4704
COL,San Martín del Valle,NA,2017,periurbano,No indígena,0.3915
COL,San Martín del Valle,NA,2017,periurbano,Total,0.4152
COL,San Martín del Valle,NA,2017,rural,Indígena,0.6718
COL,San Martín del Valle,NA,2017,rural,No indígena,0.5921
COL,San Martín del Valle,NA,2017,rural,Total,0.6279
COL,San Martín del Valle,NA,2017,urbano,Indígena,0.3391
COL,San Martín del Valle,NA,2017,urbano,No indígena,0.2588
COL,San Martín del Valle,NA,2017,urbano,Total,0.2708
COL,San Martín del Valle,NA,2018,Total,Indígena,0.5472
COL,San Martín del Valle,NA,2018,Total,No indígena,0.4109
COL,San Martín del Valle,NA,2018,Total,Total,0.4541
COL,San Martín del Valle,NA,2018,periurbano,Indígena,0.4724
COL,San Martín del Valle,NA,2018,periurbano,No indígena,0.3934
COL,San Martín del Valle,NA,2018,periurbano,Total,0.4171
COL,San Martín del Valle,NA,2018,rural,Indígena,0.6741
COL,San Martín del Valle,NA,2018,rural,No indígena,0.5947
COL,San Martín del Valle,NA,2018,rural,Total,0.6306
COL,San Martín del Valle,NA,2018,urbano,Indígena,0.3414
COL,San Martín del Valle,NA,2018,urbano,No indígena,0.2611
COL,San Martín del Valle,NA,2018,urbano,Total,0.2731
COL,San Martín del Valle,NA,2019,Total,Indígena,0.5447
COL,San Martín del Valle,NA,2019,Total,No indígena,0.4082
COL,San Martín del Valle,NA,2019,Total,Total,0.4516
COL,San Martín del Valle,NA,2019,periurbano,Indígena,0.47
COL,San Martín del Valle,NA,2019,periurbano,No indígena,0.3907
COL,San Martín del Valle,NA,2019,periurbano,Total,0.4146
COL,San Martín del Valle,NA,2019,rural,Indígena,0.672
COL,San Martín del Valle,NA,2019,rural,No indígena,0.5919
COL,San Martín del Valle,NA,2019,rural,Total,0.6281
COL,San Martín del Valle,NA,2019,urbano,Indígena,0.3389
COL,San Martín del Valle,NA,2019,urbano,No indígena,0.2584
COL,San Martín del Valle,NA,2019,urbano,Total,0.2705
COL,San Martín del Valle,NA,2020,Total,Indígena,0.5781
COL,San Martín del Valle,NA,2020,Total,No indígena,0.4421
COL,San Martín del Valle,NA,2020,Total,Total,0.4852
COL,San Martín del Valle,NA,2020,periurbano,Indígena,0.504
COL,San Martín del Valle,NA,2020,periurbano,No indígena,0.4243
COL,San Martín del Valle,NA,2020,periurbano,Total,0.4483
COL,San Martín del Valle,NA,2020,rural,Indígena,0.705
COL,San Martín del Valle,NA,2020,rural,No indígena,0.6253
COL,San Martín del Valle,NA,2020,rural,Total,0.661
COL,San Martín del Valle,NA,2020,urbano,Indígena,0.3725
COL,San Martín del Valle,NA,2020,urbano,No indígena,0.2919
COL,San Martín del Valle,NA,2020,urbano,Total,0.3039
COL,San Martín del Valle,NA,2021,Total,Indígena,0.568
COL,San Martín del Valle,NA,2021,Total,No indígena,0.4314
COL,San Martín del Valle,NA,2021,Total,Total,0.4746
COL,San Martín del Valle,NA,2021,periurbano,Indígena,0.4945
COL,San Martín del Valle,NA,2021,periurbano,No indígena,0.4141
COL,San Martín del Valle,NA,2021,periurbano,Total,0.4383
COL,San Martín del Valle,NA,2021,rural,Indígena,0.6952
COL,San Martín del Valle,NA,2021,rural,No indígena,0.6148
COL,San Martín del Valle,NA,2021,rural,Total,0.6509
COL,San Martín del Valle,NA,2021,urbano,Indígena,0.3605
COL,San Martín del Valle,NA,2021,urbano,No indígena,0.2815
COL,San Martín del Valle,NA,2021,urbano,Total,0.2933
COL,San Martín del Valle,NA,2022,Total,Indígena,0.5462
COL,San Martín del Valle,NA,2022,Total,No indígena,0.409
COL,San Martín del Valle,NA,2022,Total,Total,0.4525
COL,San Martín del Valle,NA,2022,periurbano,Indígena,0.4717
COL,San Martín del Valle,NA,2022,periurbano,No indígena,0.3914
COL,San Martín del Valle,NA,2022,periurbano,Total,0.4154
COL,San Martín del Valle,NA,2022,rural,Indígena,0.6732
COL,San Martín del Valle,NA,2022,rural,No indígena,0.5929
COL,San Martín del Valle,NA,2022,rural,Total,0.6291
COL,San Martín del Valle,NA,2022,urbano,Indígena,0.3395
COL,San Martín del Valle,NA,2022,urbano,No indígena,0.2591
COL,San Martín del Valle,NA,2022,urbano,Total,0.2713
COL,San Martín del Valle,NA,2023,Total,Indígena,0.5411
COL,San Martín del Valle,NA,2023,Total,No indígena,0.4012
COL,San Martín del Valle,NA,2023,Total,Total,0.4456
COL,San Martín del Valle,NA,2023,periurbano,Indígena,0.4635
COL,San Martín del Valle,NA,2023,periurbano,No indígena,0.3825
COL,San Martín del Valle,NA,2023,periurbano,Total,0.4067
COL,San Martín del Valle,NA,2023,rural,Indígena,0.6739
COL,San Martín del Valle,NA,2023,rural,No indígena,0.5937
COL,San Martín del Valle,NA,2023,rural,Total,0.6299
COL,San Martín del Valle,NA,2023,urbano,Indígena,0.3256
COL,San Martín del Valle,NA,2023,urbano,No indígena,0.2452
COL,San Martín del Valle,NA,2023,urbano,Total,0.2575
COL,San Martín del Valle,NA,2024,Total,Indígena,0.5405
COL,San Martín del Valle,NA,2024,Total,No indígena,0.4004
COL,San Martín del Valle,NA,2024,Total,Total,0.4449
COL,San Martín del Valle,NA,2024,periurbano,Indígena,0.4625
COL,San Martín del Valle,NA,2024,periurbano,No indígena,0.3817
COL,San Martín del Valle,NA,2024,periurbano,Total,0.406
COL,San Martín del Valle,NA,2024,rural,Indígena,0.673
COL,San Martín del Valle,NA,2024,rural,No indígena,0.5927
COL,San Martín del Valle,NA,2024,rural,Total,0.629
COL,San Martín del Valle,NA,2024,urbano,Indígena,0.3234
COL,San Martín del Valle,NA,2024,urbano,No indígena,0.2442
COL,San Martín del Valle,NA,2024,urbano,Total,0.2561
COL,San Martín del Valle,NA,2025,Total,Indígena,0.5403
COL,San Martín del Valle,NA,2025,Total,No indígena,0.4014
COL,San Martín del Valle,NA,2025,Total,Total,0.4455
COL,San Martín del Valle,NA,2025,periurbano,Indígena,0.4634
COL,San Martín del Valle,NA,2025,periurbano,No indígena,0.3826
COL,San Martín del Valle,NA,2025,periurbano,Total,0.4069
COL,San Martín del Valle,NA,2025,rural,Indígena,0.6735
COL,San Martín del Valle,NA,2025,rural,No indígena,0.5936
COL,San Martín del Valle,NA,2025,rural,Total,0.6295
COL,San Martín del Valle,NA,2025,urbano,Indígena,0.3243
COL,San Martín del Valle,NA,2025,urbano,No indígena,0.2452
COL,San Martín del Valle,NA,2025,urbano,Total,0.2572
COL,San Rafael,NA,2016,urbano,Indígena,0.3412
COL,San Rafael,NA,2016,urbano,No indígena,0.2612
COL,San Rafael,NA,2016,urbano,Total,0.2731
COL,San Rafael,NA,2017,urbano,Indígena,0.3407
COL,San Rafael,NA,2017,urbano,No indígena,0.2607
COL,San Rafael,NA,2017,urbano,Total,0.2726
COL,San Rafael,NA,2018,urbano,Indígena,0.343
COL,San Rafael,NA,2018,urbano,No indígena,0.263
COL,San Rafael,NA,2018,urbano,Total,0.275
COL,San Rafael,NA,2019,urbano,Indígena,0.3406
COL,San Rafael,NA,2019,urbano,No indígena,0.2606
COL,San Rafael,NA,2019,urbano,Total,0.2726
COL,San Rafael,NA,2020,urbano,Indígena,0.3738
COL,San Rafael,NA,2020,urbano,No indígena,0.2938
COL,San Rafael,NA,2020,urbano,Total,0.3058
COL,San Rafael,NA,2021,urbano,Indígena,0.3635
COL,San Rafael,NA,2021,urbano,No indígena,0.2835
COL,San Rafael,NA,2021,urbano,Total,0.2952
COL,San Rafael,NA,2022,urbano,Indígena,0.3412
COL,San Rafael,NA,2022,urbano,No indígena,0.2612
COL,San Rafael,NA,2022,urbano,Total,0.2733
COL,San Rafael,NA,2023,urbano,Indígena,0.3272
COL,San Rafael,NA,2023,urbano,No indígena,0.2472
COL,San Rafael,NA,2023,urbano,Total,0.2595
COL,San Rafael,NA,2024,urbano,Indígena,0.3263
COL,San Rafael,NA,2024,urbano,No indígena,0.2463
COL,San Rafael,NA,2024,urbano,Total,0.2585
COL,San Rafael,NA,2025,urbano,Indígena,0.3272
COL,San Rafael,NA,2025,urbano,No indígena,0.2472
COL,San Rafael,NA,2025,urbano,Total,0.2596
COL,Santa Ana,NA,2016,rural,Indígena,0.7512
COL,Santa Ana,NA,2016,rural,No indígena,0.6712
COL,Santa Ana,NA,2016,rural,Total,0.7059
COL,Santa Ana,NA,2017,rural,Indígena,0.7507
COL,Santa Ana,NA,2017,rural,No indígena,0.6707
COL,Santa Ana,NA,2017,rural,Total,0.707
COL,Santa Ana,NA,2018,rural,Indígena,0.7529
COL,Santa Ana,NA,2018,rural,No indígena,0.6729
COL,Santa Ana,NA,2018,rural,Total,0.7093
COL,Santa Ana,NA,2019,rural,Indígena,0.7505
COL,Santa Ana,NA,2019,rural,No indígena,0.6705
COL,Santa Ana,NA,2019,rural,Total,0.7069
COL,Santa Ana,NA,2020,rural,Indígena,0.7837
COL,Santa Ana,NA,2020,rural,No indígena,0.7037
COL,Santa Ana,NA,2020,rural,Total,0.738
COL,Santa Ana,NA,2021,rural,Indígena,0.7734
COL,Santa Ana,NA,2021,rural,No indígena,0.6934
COL,Santa Ana,NA,2021,rural,Total,0.7298
COL,Santa Ana,NA,2022,rural,Indígena,0.7511
COL,Santa Ana,NA,2022,rural,No indígena,0.6711
COL,Santa Ana,NA,2022,rural,Total,0.7074
COL,Santa Ana,NA,2023,rural,Indígena,0.7522
COL,Santa Ana,NA,2023,rural,No indígena,0.6722
COL,Santa Ana,NA,2023,rural,Total,0.7085
COL,Santa Ana,NA,2024,rural,Indígena,0.7512
COL,Santa Ana,NA,2024,rural,No indígena,0.6712
COL,Santa Ana,NA,2024,rural,Total,0.7076
COL,Santa Ana,NA,2025,rural,Indígena,0.7521
COL,Santa Ana,NA,2025,rural,No indígena,0.6721
COL,Santa Ana,NA,2025,rural,Total,0.7085
COL,Santa Elena,NA,2016,periurbano,Indígena,0.5551
COL,Santa Elena,NA,2016,periurbano,No indígena,0.4751
COL,Santa Elena,NA,2016,periurbano,Total,0.4995
COL,Santa Elena,NA,2017,periurbano,Indígena,0.5546
COL,Santa Elena,NA,2017,periurbano,No indígena,0.4746
COL,Santa Elena,NA,2017,periurbano,Total,0.4981
COL,Santa Elena,NA,2018,periurbano,Indígena,0.5569
COL,Santa Elena,NA,2018,periurbano,No indígena,0.4769
COL,Santa Elena,NA,2018,periurbano,Total,0.5003
COL,Santa Elena,NA,2019,periurbano,Indígena,0.5544
COL,Santa Elena,NA,2019,periurbano,No indígena,0.4744
COL,Santa Elena,NA,2019,periurbano,Total,0.4983
COL,Santa Elena,NA,2020,periurbano,Indígena,0.5876
COL,Santa Elena,NA,2020,periurbano,No indígena,0.5076
COL,Santa Elena,NA,2020,periurbano,Total,0.5313
COL,Santa Elena,NA,2021,periurbano,Indígena,0.5774
COL,Santa Elena,NA,2021,periurbano,No indígena,0.4974
COL,Santa Elena,NA,2021,periurbano,Total,0.5217
COL,Santa Elena,NA,2022,periurbano,Indígena,0.555
COL,Santa Elena,NA,2022,periurbano,No indígena,0.475
COL,Santa Elena,NA,2022,periurbano,Total,0.4989
COL,Santa Elena,NA,2023,periurbano,Indígena,0.5461
COL,Santa Elena,NA,2023,periurbano,No indígena,0.4661
COL,Santa Elena,NA,2023,periurbano,Total,0.4904
COL,Santa Elena,NA,2024,periurbano,Indígena,0.5451
COL,Santa Elena,NA,2024,periurbano,No indígena,0.4651
COL,Santa Elena,NA,2024,periurbano,Total,0.4894
COL,Santa Elena,NA,2025,periurbano,Indígena,0.5461
COL,Santa Elena,NA,2025,periurbano,No indígena,0.4661
COL,Santa Elena,NA,2025,periurbano,Total,0.4904
COL,Santa Lucía,NA,2016,rural,Indígena,0.7531
COL,Santa Lucía,NA,2016,rural,No indígena,0.6731
COL,Santa Lucía,NA,2016,rural,Total,0.7093
COL,Santa Lucía,NA,2017,rural,Indígena,0.7527
COL,Santa Lucía,NA,2017,rural,No indígena,0.6727
COL,Santa Lucía,NA,2017,rural,Total,0.7088
COL,Santa Lucía,NA,2018,rural,Indígena,0.7549
COL,Santa Lucía,NA,2018,rural,No indígena,0.67490000000000006
COL,Santa Lucía,NA,2018,rural,Total,0.711
COL,Santa Lucía,NA,2019,rural,Indígena,0.7525
COL,Santa Lucía,NA,2019,rural,No indígena,0.6725
COL,Santa Lucía,NA,2019,rural,Total,0.7086
COL,Santa Lucía,NA,2020,rural,Indígena,0.7857
COL,Santa Lucía,NA,2020,rural,No indígena,0.7057
COL,Santa Lucía,NA,2020,rural,Total,0.7416
COL,Santa Lucía,NA,2021,rural,Indígena,0.7754
COL,Santa Lucía,NA,2021,rural,No indígena,0.6954
COL,Santa Lucía,NA,2021,rural,Total,0.7313
COL,Santa Lucía,NA,2022,rural,Indígena,0.7531
COL,Santa Lucía,NA,2022,rural,No indígena,0.6731
COL,Santa Lucía,NA,2022,rural,Total,0.7092
COL,Santa Lucía,NA,2023,rural,Indígena,0.7541
COL,Santa Lucía,NA,2023,rural,No indígena,0.6741
COL,Santa Lucía,NA,2023,rural,Total,0.7103
COL,Santa Lucía,NA,2024,rural,Indígena,0.7532
COL,Santa Lucía,NA,2024,rural,No indígena,0.6732
COL,Santa Lucía,NA,2024,rural,Total,0.7093
COL,Santa Lucía,NA,2025,rural,Indígena,0.7541
COL,Santa Lucía,NA,2025,rural,No indígena,0.6741
COL,Santa Lucía,NA,2025,rural,Total,0.71
COL,Santa Rosa,NA,2016,periurbano,Indígena,0.5179
COL,Santa Rosa,NA,2016,periurbano,No indígena,0.4379
COL,Santa Rosa,NA,2016,periurbano,Total,0.4617
COL,Santa Rosa,NA,2017,periurbano,Indígena,0.5174
COL,Santa Rosa,NA,2017,periurbano,No indígena,0.4374
COL,Santa Rosa,NA,2017,periurbano,Total,0.4612
COL,Santa Rosa,NA,2018,periurbano,Indígena,0.5197
COL,Santa Rosa,NA,2018,periurbano,No indígena,0.4397
COL,Santa Rosa,NA,2018,periurbano,Total,0.4634
COL,Santa Rosa,NA,2019,periurbano,Indígena,0.5172
COL,Santa Rosa,NA,2019,periurbano,No indígena,0.4372
COL,Santa Rosa,NA,2019,periurbano,Total,0.461
COL,Santa Rosa,NA,2020,periurbano,Indígena,0.5504
COL,Santa Rosa,NA,2020,periurbano,No indígena,0.4704
COL,Santa Rosa,NA,2020,periurbano,Total,0.4944
COL,Santa Rosa,NA,2021,periurbano,Indígena,0.5402
COL,Santa Rosa,NA,2021,periurbano,No indígena,0.4602
COL,Santa Rosa,NA,2021,periurbano,Total,0.4838
COL,Santa Rosa,NA,2022,periurbano,Indígena,0.5178
COL,Santa Rosa,NA,2022,periurbano,No indígena,0.4378
COL,Santa Rosa,NA,2022,periurbano,Total,0.462
COL,Santa Rosa,NA,2023,periurbano,Indígena,0.5089
COL,Santa Rosa,NA,2023,periurbano,No indígena,0.4289
COL,Santa Rosa,NA,2023,periurbano,Total,0.453
COL,Santa Rosa,NA,2024,periurbano,Indígena,0.5079
COL,Santa Rosa,NA,2024,periurbano,No indígena,0.4279
COL,Santa Rosa,NA,2024,periurbano,Total,0.4525
COL,Santa Rosa,NA,2025,periurbano,Indígena,0.5089
COL,Santa Rosa,NA,2025,periurbano,No indígena,0.4289
COL,Santa Rosa,NA,2025,periurbano,Total,0.4534
COL,Villa Esperanza,NA,2016,rural,Indígena,0.6872
COL,Villa Esperanza,NA,2016,rural,No indígena,0.6072
COL,Villa Esperanza,NA,2016,rural,Total,0.6424
COL,Villa Esperanza,NA,2017,rural,Indígena,0.6867
COL,Villa Esperanza,NA,2017,rural,No indígena,0.6067
COL,Villa Esperanza,NA,2017,rural,Total,0.6419
COL,Villa Esperanza,NA,2018,rural,Indígena,0.689
COL,Villa Esperanza,NA,2018,rural,No indígena,0.609
COL,Villa Esperanza,NA,2018,rural,Total,0.6442
COL,Villa Esperanza,NA,2019,rural,Indígena,0.6866
COL,Villa Esperanza,NA,2019,rural,No indígena,0.6066
COL,Villa Esperanza,NA,2019,rural,Total,0.6418
COL,Villa Esperanza,NA,2020,rural,Indígena,0.7198
COL,Villa Esperanza,NA,2020,rural,No indígena,0.6398
COL,Villa Esperanza,NA,2020,rural,Total,0.6764
COL,Villa Esperanza,NA,2021,rural,Indígena,0.7095
COL,Villa Esperanza,NA,2021,rural,No indígena,0.6295
COL,Villa Esperanza,NA,2021,rural,Total,0.6662
COL,Villa Esperanza,NA,2022,rural,Indígena,0.6871
COL,Villa Esperanza,NA,2022,rural,No indígena,0.6071
COL,Villa Esperanza,NA,2022,rural,Total,0.6423
COL,Villa Esperanza,NA,2023,rural,Indígena,0.6882
COL,Villa Esperanza,NA,2023,rural,No indígena,0.6082
COL,Villa Esperanza,NA,2023,rural,Total,0.6449
COL,Villa Esperanza,NA,2024,rural,Indígena,0.6873
COL,Villa Esperanza,NA,2024,rural,No indígena,0.6073
COL,Villa Esperanza,NA,2024,rural,Total,0.6439
COL,Villa Esperanza,NA,2025,rural,Indígena,0.6882
COL,Villa Esperanza,NA,2025,rural,No indígena,0.6082
COL,Villa Esperanza,NA,2025,rural,Total,0.6449
COL,Villa Norte,NA,2016,periurbano,Indígena,0.5838
COL,Villa Norte,NA,2016,periurbano,No indígena,0.5038
COL,Villa Norte,NA,2016,periurbano,Total,0.5274
COL,Villa Norte,NA,2017,periurbano,Indígena,0.5833
COL,Villa Norte,NA,2017,periurbano,No indígena,0.5033
COL,Villa Norte,NA,2017,periurbano,Total,0.5269
COL,Villa Norte,NA,2018,periurbano,Indígena,0.5856
COL,Villa Norte,NA,2018,periurbano,No indígena,0.5056
COL,Villa Norte,NA,2018,periurbano,Total,0.5292
COL,Villa Norte,NA,2019,periurbano,Indígena,0.5831
COL,Villa Norte,NA,2019,periurbano,No indígena,0.5031
COL,Villa Norte,NA,2019,periurbano,Total,0.5271
COL,Villa Norte,NA,2020,periurbano,Indígena,0.6164
COL,Villa Norte,NA,2020,periurbano,No indígena,0.5364
COL,Villa Norte,NA,2020,periurbano,Total,0.5602
COL,Villa Norte,NA,2021,periurbano,Indígena,0.6061
COL,Villa Norte,NA,2021,periurbano,No indígena,0.5261
COL,Villa Norte,NA,2021,periurbano,Total,0.5505
COL,Villa Norte,NA,2022,periurbano,Indígena,0.5837
COL,Villa Norte,NA,2022,periurbano,No indígena,0.5037
COL,Villa Norte,NA,2022,periurbano,Total,0.5277
COL,Villa Norte,NA,2023,periurbano,Indígena,0.5748
COL,Villa Norte,NA,2023,periurbano,No indígena,0.4948
COL,Villa Norte,NA,2023,periurbano,Total,0.5188
COL,Villa Norte,NA,2024,periurbano,Indígena,0.5738
COL,Villa Norte,NA,2024,periurbano,No indígena,0.4938
COL,Villa Norte,NA,2024,periurbano,Total,0.5182
COL,Villa Norte,NA,2025,periurbano,Indígena,0.5748
COL,Villa Norte,NA,2025,periurbano,No indígena,0.4948
COL,Villa Norte,NA,2025,periurbano,Total,0.5192
COL,Villa Sur,NA,2016,rural,Indígena,0.5631
COL,Villa Sur,NA,2016,rural,No indígena,0.4831
COL,Villa Sur,NA,2016,rural,Total,0.5194
COL,Villa Sur,NA,2017,rural,Indígena,0.5626
COL,Villa Sur,NA,2017,rural,No indígena,0.4826
COL,Villa Sur,NA,2017,rural,Total,0.5189
COL,Villa Sur,NA,2018,rural,Indígena,0.5648
COL,Villa Sur,NA,2018,rural,No indígena,0.4848
COL,Villa Sur,NA,2018,rural,Total,0.5212
COL,Villa Sur,NA,2019,rural,Indígena,0.5624
COL,Villa Sur,NA,2019,rural,No indígena,0.4824
COL,Villa Sur,NA,2019,rural,Total,0.5188
COL,Villa Sur,NA,2020,rural,Indígena,0.5956
COL,Villa Sur,NA,2020,rural,No indígena,0.5156
COL,Villa Sur,NA,2020,rural,Total,0.5516
COL,Villa Sur,NA,2021,rural,Indígena,0.5853
COL,Villa Sur,NA,2021,rural,No indígena,0.5053
COL,Villa Sur,NA,2021,rural,Total,0.5396
COL,Villa Sur,NA,2022,rural,Indígena,0.563
COL,Villa Sur,NA,2022,rural,No indígena,0.483
COL,Villa Sur,NA,2022,rural,Total,0.5193
COL,Villa Sur,NA,2023,rural,Indígena,0.564
COL,Villa Sur,NA,2023,rural,No indígena,0.484
COL,Villa Sur,NA,2023,rural,Total,0.5204
COL,Villa Sur,NA,2024,rural,Indígena,0.5631
COL,Villa Sur,NA,2024,rural,No indígena,0.4831
COL,Villa Sur,NA,2024,rural,Total,0.5195
COL,Villa Sur,NA,2025,rural,Indígena,0.564
COL,Villa Sur,NA,2025,rural,No indígena,0.484
COL,Villa Sur,NA,2025,rural,Total,0.5204
COL,Vista Hermosa,NA,2016,rural,Indígena,0.6984
COL,Vista Hermosa,NA,2016,rural,No indígena,0.6184
COL,Vista Hermosa,NA,2016,rural,Total,0.6546
COL,Vista Hermosa,NA,2017,rural,Indígena,0.6979
COL,Vista Hermosa,NA,2017,rural,No indígena,0.6179
COL,Vista Hermosa,NA,2017,rural,Total,0.6541
COL,Vista Hermosa,NA,2018,rural,Indígena,0.7002
COL,Vista Hermosa,NA,2018,rural,No indígena,0.6202
COL,Vista Hermosa,NA,2018,rural,Total,0.6563
COL,Vista Hermosa,NA,2019,rural,Indígena,0.6978
COL,Vista Hermosa,NA,2019,rural,No indígena,0.6178
COL,Vista Hermosa,NA,2019,rural,Total,0.6539
COL,Vista Hermosa,NA,2020,rural,Indígena,0.731
COL,Vista Hermosa,NA,2020,rural,No indígena,0.651
COL,Vista Hermosa,NA,2020,rural,Total,0.6868
COL,Vista Hermosa,NA,2021,rural,Indígena,0.7207
COL,Vista Hermosa,NA,2021,rural,No indígena,0.6407
COL,Vista Hermosa,NA,2021,rural,Total,0.6766
COL,Vista Hermosa,NA,2022,rural,Indígena,0.6984
COL,Vista Hermosa,NA,2022,rural,No indígena,0.6184
COL,Vista Hermosa,NA,2022,rural,Total,0.6545
COL,Vista Hermosa,NA,2023,rural,Indígena,0.6994
COL,Vista Hermosa,NA,2023,rural,No indígena,0.6194
COL,Vista Hermosa,NA,2023,rural,Total,0.6556
COL,Vista Hermosa,NA,2024,rural,Indígena,0.6985
COL,Vista Hermosa,NA,2024,rural,No indígena,0.6185
COL,Vista Hermosa,NA,2024,rural,Total,0.6546
COL,Vista Hermosa,NA,2025,rural,Indígena,0.6994
COL,Vista Hermosa,NA,2025,rural,No indígena,0.6194
COL,Vista Hermosa,NA,2025,rural,Total,0.6555
