iso3,NAME_2,anio,sexo,grupo_edad,zona,valor
COL,Altos del Sol,2016,Mujeres,10-14,periurbano,NA
COL,Altos del Sol,2016,Mujeres,15-19,periurbano,NA
COL,Altos del Sol,2016,Mujeres,20-34,periurbano,NA
COL,Altos del Sol,2016,Mujeres,35-49,periurbano,NA
COL,Altos del Sol,2016,Mujeres,Todas las edades,periurbano,NA
COL,Altos del Sol,2017,Mujeres,10-14,periurbano,NA
COL,Altos del Sol,2017,Mujeres,15-19,periurbano,NA
COL,Altos del Sol,2017,Mujeres,20-34,periurbano,NA
COL,Altos del Sol,2017,Mujeres,35-49,periurbano,NA
COL,Altos del Sol,2017,Mujeres,Todas las edades,periurbano,NA
COL,Altos del Sol,2018,Mujeres,10-14,periurbano,NA
COL,Altos del Sol,2018,Mujeres,15-19,periurbano,NA
COL,Altos del Sol,2018,Mujeres,20-34,periurbano,NA
COL,Altos del Sol,2018,Mujeres,35-49,periurbano,NA
COL,Altos del Sol,2018,Mujeres,Todas las edades,periurbano,NA
COL,Altos del Sol,2019,Mujeres,10-14,periurbano,NA
COL,Altos del Sol,2019,Mujeres,15-19,periurbano,NA
COL,Altos del Sol,2019,Mujeres,20-34,periurbano,NA
COL,Altos del Sol,2019,Mujeres,35-49,periurbano,NA
COL,Altos del Sol,2019,Mujeres,Todas las edades,periurbano,NA
COL,Altos del Sol,2020,Mujeres,10-14,periurbano,0.2857142857142857
COL,Altos del Sol,2020,Mujeres,15-19,periurbano,0.625
COL,Altos del Sol,2020,Mujeres,20-34,periurbano,0.23404255319148937
COL,Altos del Sol,2020,Mujeres,35-49,periurbano,0.36363636363636365
COL,Altos del Sol,2020,Mujeres,Todas las edades,periurbano,0.30952380952380953
COL,Altos del Sol,2021,Mujeres,10-14,periurbano,0.16666666666666666
COL,Altos del Sol,2021,Mujeres,15-19,periurbano,0.15384615384615385
COL,Altos del Sol,2021,Mujeres,20-34,periurbano,0.5
COL,Altos del Sol,2021,Mujeres,35-49,periurbano,0.3333333333333333
COL,Altos del Sol,2021,Mujeres,Todas las edades,periurbano,0.35185185185185186
COL,Altos del Sol,2022,Mujeres,10-14,periurbano,0
COL,Altos del Sol,2022,Mujeres,15-19,periurbano,0.4117647058823529
COL,Altos del Sol,2022,Mujeres,20-34,periurbano,0.42592592592592593
COL,Altos del Sol,2022,Mujeres,35-49,periurbano,0.38461538461538464
COL,Altos del Sol,2022,Mujeres,Todas las edades,periurbano,0.38461538461538464
COL,Altos del Sol,2023,Mujeres,10-14,periurbano,0.3333333333333333
COL,Altos del Sol,2023,Mujeres,15-19,periurbano,0.4166666666666667
COL,Altos del Sol,2023,Mujeres,20-34,periurbano,0.4782608695652174
COL,Altos del Sol,2023,Mujeres,35-49,periurbano,0.4444444444444444
COL,Altos del Sol,2023,Mujeres,Todas las edades,periurbano,0.44
COL,Altos del Sol,2024,Mujeres,10-14,periurbano,0.42857142857142855
COL,Altos del Sol,2024,Mujeres,15-19,periurbano,0.4444444444444444
COL,Altos del Sol,2024,Mujeres,20-34,periurbano,0.5675675675675675
COL,Altos del Sol,2024,Mujeres,35-49,periurbano,0.6
COL,Altos del Sol,2024,Mujeres,Todas las edades,periurbano,0.5324675324675324
COL,Altos del Sol,2025,Mujeres,10-14,periurbano,0.6
COL,Altos del Sol,2025,Mujeres,15-19,periurbano,0.42857142857142855
COL,Altos del Sol,2025,Mujeres,20-34,periurbano,0.6551724137931034
COL,Altos del Sol,2025,Mujeres,35-49,periurbano,0.7
COL,Altos del Sol,2025,Mujeres,Todas las edades,periurbano,0.6176470588235294
COL,Bosques del Valle,2016,Mujeres,10-14,periurbano,NA
COL,Bosques del Valle,2016,Mujeres,15-19,periurbano,NA
COL,Bosques del Valle,2016,Mujeres,20-34,periurbano,NA
COL,Bosques del Valle,2016,Mujeres,35-49,periurbano,NA
COL,Bosques del Valle,2016,Mujeres,Todas las edades,periurbano,NA
COL,Bosques del Valle,2017,Mujeres,10-14,periurbano,NA
COL,Bosques del Valle,2017,Mujeres,15-19,periurbano,NA
COL,Bosques del Valle,2017,Mujeres,20-34,periurbano,NA
COL,Bosques del Valle,2017,Mujeres,35-49,periurbano,NA
COL,Bosques del Valle,2017,Mujeres,Todas las edades,periurbano,NA
COL,Bosques del Valle,2018,Mujeres,10-14,periurbano,NA
COL,Bosques del Valle,2018,Mujeres,15-19,periurbano,NA
COL,Bosques del Valle,2018,Mujeres,20-34,periurbano,NA
COL,Bosques del Valle,2018,Mujeres,35-49,periurbano,NA
COL,Bosques del Valle,2018,Mujeres,Todas las edades,periurbano,NA
COL,Bosques del Valle,2019,Mujeres,10-14,periurbano,NA
COL,Bosques del Valle,2019,Mujeres,15-19,periurbano,NA
COL,Bosques del Valle,2019,Mujeres,20-34,periurbano,NA
COL,Bosques del Valle,2019,Mujeres,35-49,periurbano,NA
COL,Bosques del Valle,2019,Mujeres,Todas las edades,periurbano,NA
COL,Bosques del Valle,2020,Mujeres,10-14,periurbano,0
COL,Bosques del Valle,2020,Mujeres,15-19,periurbano,0.3888888888888889
COL,Bosques del Valle,2020,Mujeres,20-34,periurbano,0.2894736842105263
COL,Bosques del Valle,2020,Mujeres,35-49,periurbano,0.2
COL,Bosques del Valle,2020,Mujeres,Todas las edades,periurbano,0.273972602739726
COL,Bosques del Valle,2021,Mujeres,10-14,periurbano,0.7142857142857143
COL,Bosques del Valle,2021,Mujeres,15-19,periurbano,0.3
COL,Bosques del Valle,2021,Mujeres,20-34,periurbano,0.2608695652173913
COL,Bosques del Valle,2021,Mujeres,35-49,periurbano,0.3333333333333333
COL,Bosques del Valle,2021,Mujeres,Todas las edades,periurbano,0.3194444444444444
COL,Bosques del Valle,2022,Mujeres,10-14,periurbano,0
COL,Bosques del Valle,2022,Mujeres,15-19,periurbano,0.375
COL,Bosques del Valle,2022,Mujeres,20-34,periurbano,0.5217391304347826
COL,Bosques del Valle,2022,Mujeres,35-49,periurbano,0.375
COL,Bosques del Valle,2022,Mujeres,Todas las edades,periurbano,0.42105263157894735
COL,Bosques del Valle,2023,Mujeres,10-14,periurbano,0.4
COL,Bosques del Valle,2023,Mujeres,15-19,periurbano,0.6
COL,Bosques del Valle,2023,Mujeres,20-34,periurbano,0.5076923076923077
COL,Bosques del Valle,2023,Mujeres,35-49,periurbano,0.4
COL,Bosques del Valle,2023,Mujeres,Todas las edades,periurbano,0.5052631578947369
COL,Bosques del Valle,2024,Mujeres,10-14,periurbano,0.5714285714285714
COL,Bosques del Valle,2024,Mujeres,15-19,periurbano,0.6666666666666666
COL,Bosques del Valle,2024,Mujeres,20-34,periurbano,0.6875
COL,Bosques del Valle,2024,Mujeres,35-49,periurbano,0.7619047619047619
COL,Bosques del Valle,2024,Mujeres,Todas las edades,periurbano,0.6923076923076923
COL,Bosques del Valle,2025,Mujeres,10-14,periurbano,0.5
COL,Bosques del Valle,2025,Mujeres,15-19,periurbano,0.5882352941176471
COL,Bosques del Valle,2025,Mujeres,20-34,periurbano,0.7450980392156863
COL,Bosques del Valle,2025,Mujeres,35-49,periurbano,0.7777777777777778
COL,Bosques del Valle,2025,Mujeres,Todas las edades,periurbano,0.7159090909090909
COL,Colinas del Valle,2016,Mujeres,10-14,rural,NA
COL,Colinas del Valle,2016,Mujeres,15-19,rural,NA
COL,Colinas del Valle,2016,Mujeres,20-34,rural,NA
COL,Colinas del Valle,2016,Mujeres,35-49,rural,NA
COL,Colinas del Valle,2016,Mujeres,Todas las edades,rural,NA
COL,Colinas del Valle,2017,Mujeres,10-14,rural,NA
COL,Colinas del Valle,2017,Mujeres,15-19,rural,NA
COL,Colinas del Valle,2017,Mujeres,20-34,rural,NA
COL,Colinas del Valle,2017,Mujeres,35-49,rural,NA
COL,Colinas del Valle,2017,Mujeres,Todas las edades,rural,NA
COL,Colinas del Valle,2018,Mujeres,10-14,rural,NA
COL,Colinas del Valle,2018,Mujeres,15-19,rural,NA
COL,Colinas del Valle,2018,Mujeres,20-34,rural,NA
COL,Colinas del Valle,2018,Mujeres,35-49,rural,NA
COL,Colinas del Valle,2018,Mujeres,Todas las edades,rural,NA
COL,Colinas del Valle,2019,Mujeres,10-14,rural,NA
COL,Colinas del Valle,2019,Mujeres,15-19,rural,NA
COL,Colinas del Valle,2019,Mujeres,20-34,rural,NA
COL,Colinas del Valle,2019,Mujeres,35-49,rural,NA
COL,Colinas del Valle,2019,Mujeres,Todas las edades,rural,NA
COL,Colinas del Valle,2020,Mujeres,10-14,rural,0.5
COL,Colinas del Valle,2020,Mujeres,15-19,rural,0.13333333333333333
COL,Colinas del Valle,2020,Mujeres,20-34,rural,0.34285714285714286
COL,Colinas del Valle,2020,Mujeres,35-49,rural,0.3333333333333333
COL,Colinas del Valle,2020,Mujeres,Todas las edades,rural,0.30158730158730157
COL,Colinas del Valle,2021,Mujeres,10-14,rural,0.6666666666666666
COL,Colinas del Valle,2021,Mujeres,15-19,rural,0.5
COL,Colinas del Valle,2021,Mujeres,20-34,rural,0.5
COL,Colinas del Valle,2021,Mujeres,35-49,rural,0.35714285714285715
COL,Colinas del Valle,2021,Mujeres,Todas las edades,rural,0.47619047619047616
COL,Colinas del Valle,2022,Mujeres,10-14,rural,0.3333333333333333
COL,Colinas del Valle,2022,Mujeres,15-19,rural,0.5
COL,Colinas del Valle,2022,Mujeres,20-34,rural,0.5185185185185185
COL,Colinas del Valle,2022,Mujeres,35-49,rural,0.35294117647058826
COL,Colinas del Valle,2022,Mujeres,Todas las edades,rural,0.45901639344262296
COL,Colinas del Valle,2023,Mujeres,10-14,rural,0.4
COL,Colinas del Valle,2023,Mujeres,15-19,rural,0.5714285714285714
COL,Colinas del Valle,2023,Mujeres,20-34,rural,0.5454545454545454
COL,Colinas del Valle,2023,Mujeres,35-49,rural,0.2857142857142857
COL,Colinas del Valle,2023,Mujeres,Todas las edades,rural,0.5142857142857142
COL,Colinas del Valle,2024,Mujeres,10-14,rural,0.5
COL,Colinas del Valle,2024,Mujeres,15-19,rural,0.5714285714285714
COL,Colinas del Valle,2024,Mujeres,20-34,rural,0.4722222222222222
COL,Colinas del Valle,2024,Mujeres,35-49,rural,0.3333333333333333
COL,Colinas del Valle,2024,Mujeres,Todas las edades,rural,0.45161290322580644
COL,Colinas del Valle,2025,Mujeres,10-14,rural,0.8
COL,Colinas del Valle,2025,Mujeres,15-19,rural,0.8
COL,Colinas del Valle,2025,Mujeres,20-34,rural,0.7352941176470589
COL,Colinas del Valle,2025,Mujeres,35-49,rural,0.5555555555555556
COL,Colinas del Valle,2025,Mujeres,Todas las edades,rural,0.6935483870967742
COL,El Carmen,2016,Mujeres,10-14,periurbano,NA
COL,El Carmen,2016,Mujeres,15-19,periurbano,NA
COL,El Carmen,2016,Mujeres,20-34,periurbano,NA
COL,El Carmen,2016,Mujeres,35-49,periurbano,NA
COL,El Carmen,2016,Mujeres,Todas las edades,periurbano,NA
COL,El Carmen,2017,Mujeres,10-14,periurbano,NA
COL,El Carmen,2017,Mujeres,15-19,periurbano,NA
COL,El Carmen,2017,Mujeres,20-34,periurbano,NA
COL,El Carmen,2017,Mujeres,35-49,periurbano,NA
COL,El Carmen,2017,Mujeres,Todas las edades,periurbano,NA
COL,El Carmen,2018,Mujeres,10-14,periurbano,NA
COL,El Carmen,2018,Mujeres,15-19,periurbano,NA
COL,El Carmen,2018,Mujeres,20-34,periurbano,NA
COL,El Carmen,2018,Mujeres,35-49,periurbano,NA
COL,El Carmen,2018,Mujeres,Todas las edades,periurbano,NA
COL,El Carmen,2019,Mujeres,10-14,periurbano,NA
COL,El Carmen,2019,Mujeres,15-19,periurbano,NA
COL,El Carmen,2019,Mujeres,20-34,periurbano,NA
COL,El Carmen,2019,Mujeres,35-49,periurbano,NA
COL,El Carmen,2019,Mujeres,Todas las edades,periurbano,NA
COL,El Carmen,2020,Mujeres,10-14,periurbano,0
COL,El Carmen,2020,Mujeres,15-19,periurbano,0.4117647058823529
COL,El Carmen,2020,Mujeres,20-34,periurbano,0.17142857142857143
COL,El Carmen,2020,Mujeres,35-49,periurbano,0.06666666666666667
COL,El Carmen,2020,Mujeres,Todas las edades,periurbano,0.2028985507246377
COL,El Carmen,2021,Mujeres,10-14,periurbano,0
COL,El Carmen,2021,Mujeres,15-19,periurbano,0.125
COL,El Carmen,2021,Mujeres,20-34,periurbano,0.47368421052631576
COL,El Carmen,2021,Mujeres,35-49,periurbano,0.5
COL,El Carmen,2021,Mujeres,Todas las edades,periurbano,0.417910447761194
COL,El Carmen,2022,Mujeres,10-14,periurbano,0.5
COL,El Carmen,2022,Mujeres,15-19,periurbano,0.35714285714285715
COL,El Carmen,2022,Mujeres,20-34,periurbano,0.3684210526315789
COL,El Carmen,2022,Mujeres,35-49,periurbano,0.6363636363636364
COL,El Carmen,2022,Mujeres,Todas las edades,periurbano,0.417910447761194
COL,El Carmen,2023,Mujeres,10-14,periurbano,0.5
COL,El Carmen,2023,Mujeres,15-19,periurbano,0.38461538461538464
COL,El Carmen,2023,Mujeres,20-34,periurbano,0.5142857142857142
COL,El Carmen,2023,Mujeres,35-49,periurbano,0.55
COL,El Carmen,2023,Mujeres,Todas las edades,periurbano,0.5
COL,El Carmen,2024,Mujeres,10-14,periurbano,1
COL,El Carmen,2024,Mujeres,15-19,periurbano,0.7
COL,El Carmen,2024,Mujeres,20-34,periurbano,0.5869565217391305
COL,El Carmen,2024,Mujeres,35-49,periurbano,0.5
COL,El Carmen,2024,Mujeres,Todas las edades,periurbano,0.5925925925925926
COL,El Carmen,2025,Mujeres,10-14,periurbano,0.75
COL,El Carmen,2025,Mujeres,15-19,periurbano,0.5
COL,El Carmen,2025,Mujeres,20-34,periurbano,0.5483870967741935
COL,El Carmen,2025,Mujeres,35-49,periurbano,0.6818181818181818
COL,El Carmen,2025,Mujeres,Todas las edades,periurbano,0.5970149253731343
COL,El Edén,2016,Mujeres,10-14,periurbano,NA
COL,El Edén,2016,Mujeres,15-19,periurbano,NA
COL,El Edén,2016,Mujeres,20-34,periurbano,NA
COL,El Edén,2016,Mujeres,35-49,periurbano,NA
COL,El Edén,2016,Mujeres,Todas las edades,periurbano,NA
COL,El Edén,2017,Mujeres,10-14,periurbano,NA
COL,El Edén,2017,Mujeres,15-19,periurbano,NA
COL,El Edén,2017,Mujeres,20-34,periurbano,NA
COL,El Edén,2017,Mujeres,35-49,periurbano,NA
COL,El Edén,2017,Mujeres,Todas las edades,periurbano,NA
COL,El Edén,2018,Mujeres,10-14,periurbano,NA
COL,El Edén,2018,Mujeres,15-19,periurbano,NA
COL,El Edén,2018,Mujeres,20-34,periurbano,NA
COL,El Edén,2018,Mujeres,35-49,periurbano,NA
COL,El Edén,2018,Mujeres,Todas las edades,periurbano,NA
COL,El Edén,2019,Mujeres,10-14,periurbano,NA
COL,El Edén,2019,Mujeres,15-19,periurbano,NA
COL,El Edén,2019,Mujeres,20-34,periurbano,NA
COL,El Edén,2019,Mujeres,35-49,periurbano,NA
COL,El Edén,2019,Mujeres,Todas las edades,periurbano,NA
COL,El Edén,2020,Mujeres,10-14,periurbano,0.2857142857142857
COL,El Edén,2020,Mujeres,15-19,periurbano,0.25
COL,El Edén,2020,Mujeres,20-34,periurbano,0.18518518518518517
COL,El Edén,2020,Mujeres,35-49,periurbano,0.36363636363636365
COL,El Edén,2020,Mujeres,Todas las edades,periurbano,0.2459016393442623
COL,El Edén,2021,Mujeres,10-14,periurbano,0.25
COL,El Edén,2021,Mujeres,15-19,periurbano,0.38461538461538464
COL,El Edén,2021,Mujeres,20-34,periurbano,0.3170731707317073
COL,El Edén,2021,Mujeres,35-49,periurbano,0.4666666666666667
COL,El Edén,2021,Mujeres,Todas las edades,periurbano,0.3561643835616438
COL,El Edén,2022,Mujeres,10-14,periurbano,0.5
COL,El Edén,2022,Mujeres,15-19,periurbano,0.38461538461538464
COL,El Edén,2022,Mujeres,20-34,periurbano,0.45
COL,El Edén,2022,Mujeres,35-49,periurbano,0.5238095238095238
COL,El Edén,2022,Mujeres,Todas las edades,periurbano,0.46153846153846156
COL,El Edén,2023,Mujeres,10-14,periurbano,0.5714285714285714
COL,El Edén,2023,Mujeres,15-19,periurbano,0.3076923076923077
COL,El Edén,2023,Mujeres,20-34,periurbano,0.4
COL,El Edén,2023,Mujeres,35-49,periurbano,0.5625
COL,El Edén,2023,Mujeres,Todas las edades,periurbano,0.43661971830985913
COL,El Edén,2024,Mujeres,10-14,periurbano,0.5
COL,El Edén,2024,Mujeres,15-19,periurbano,0.5384615384615384
COL,El Edén,2024,Mujeres,20-34,periurbano,0.6666666666666666
COL,El Edén,2024,Mujeres,35-49,periurbano,0.6190476190476191
COL,El Edén,2024,Mujeres,Todas las edades,periurbano,0.625
COL,El Edén,2025,Mujeres,10-14,periurbano,0.7142857142857143
COL,El Edén,2025,Mujeres,15-19,periurbano,0.5833333333333334
COL,El Edén,2025,Mujeres,20-34,periurbano,0.6491228070175439
COL,El Edén,2025,Mujeres,35-49,periurbano,0.55
COL,El Edén,2025,Mujeres,Todas las edades,periurbano,0.625
COL,El Mirador,2016,Mujeres,10-14,rural,NA
COL,El Mirador,2016,Mujeres,15-19,rural,NA
COL,El Mirador,2016,Mujeres,20-34,rural,NA
COL,El Mirador,2016,Mujeres,35-49,rural,NA
COL,El Mirador,2016,Mujeres,Todas las edades,rural,NA
COL,El Mirador,2017,Mujeres,10-14,rural,NA
COL,El Mirador,2017,Mujeres,15-19,rural,NA
COL,El Mirador,2017,Mujeres,20-34,rural,NA
COL,El Mirador,2017,Mujeres,35-49,rural,NA
COL,El Mirador,2017,Mujeres,Todas las edades,rural,NA
COL,El Mirador,2018,Mujeres,10-14,rural,NA
COL,El Mirador,2018,Mujeres,15-19,rural,NA
COL,El Mirador,2018,Mujeres,20-34,rural,NA
COL,El Mirador,2018,Mujeres,35-49,rural,NA
COL,El Mirador,2018,Mujeres,Todas las edades,rural,NA
COL,El Mirador,2019,Mujeres,10-14,rural,NA
COL,El Mirador,2019,Mujeres,15-19,rural,NA
COL,El Mirador,2019,Mujeres,20-34,rural,NA
COL,El Mirador,2019,Mujeres,35-49,rural,NA
COL,El Mirador,2019,Mujeres,Todas las edades,rural,NA
COL,El Mirador,2020,Mujeres,10-14,rural,0.5
COL,El Mirador,2020,Mujeres,15-19,rural,0.125
COL,El Mirador,2020,Mujeres,20-34,rural,0.14814814814814814
COL,El Mirador,2020,Mujeres,35-49,rural,0.4375
COL,El Mirador,2020,Mujeres,Todas las edades,rural,0.24528301886792453
COL,El Mirador,2021,Mujeres,10-14,rural,0
COL,El Mirador,2021,Mujeres,15-19,rural,0.5384615384615384
COL,El Mirador,2021,Mujeres,20-34,rural,0.4523809523809524
COL,El Mirador,2021,Mujeres,35-49,rural,0.45454545454545453
COL,El Mirador,2021,Mujeres,Todas las edades,rural,0.4492753623188406
COL,El Mirador,2022,Mujeres,10-14,rural,0.25
COL,El Mirador,2022,Mujeres,15-19,rural,0.25
COL,El Mirador,2022,Mujeres,20-34,rural,0.4
COL,El Mirador,2022,Mujeres,35-49,rural,0.45454545454545453
COL,El Mirador,2022,Mujeres,Todas las edades,rural,0.38095238095238093
COL,El Mirador,2023,Mujeres,10-14,rural,0
COL,El Mirador,2023,Mujeres,15-19,rural,0.7777777777777778
COL,El Mirador,2023,Mujeres,20-34,rural,0.627906976744186
COL,El Mirador,2023,Mujeres,35-49,rural,0.4
COL,El Mirador,2023,Mujeres,Todas las edades,rural,0.5882352941176471
COL,El Mirador,2024,Mujeres,10-14,rural,0.8
COL,El Mirador,2024,Mujeres,15-19,rural,0.6
COL,El Mirador,2024,Mujeres,20-34,rural,0.5806451612903226
COL,El Mirador,2024,Mujeres,35-49,rural,0.46153846153846156
COL,El Mirador,2024,Mujeres,Todas las edades,rural,0.5740740740740741
COL,El Mirador,2025,Mujeres,10-14,rural,0.75
COL,El Mirador,2025,Mujeres,15-19,rural,0.7142857142857143
COL,El Mirador,2025,Mujeres,20-34,rural,0.6
COL,El Mirador,2025,Mujeres,35-49,rural,0.5882352941176471
COL,El Mirador,2025,Mujeres,Todas las edades,rural,0.6164383561643836
COL,El Porvenir,2016,Mujeres,10-14,rural,NA
COL,El Porvenir,2016,Mujeres,15-19,rural,NA
COL,El Porvenir,2016,Mujeres,20-34,rural,NA
COL,El Porvenir,2016,Mujeres,35-49,rural,NA
COL,El Porvenir,2016,Mujeres,Todas las edades,rural,NA
COL,El Porvenir,2017,Mujeres,10-14,rural,NA
COL,El Porvenir,2017,Mujeres,15-19,rural,NA
COL,El Porvenir,2017,Mujeres,20-34,rural,NA
COL,El Porvenir,2017,Mujeres,35-49,rural,NA
COL,El Porvenir,2017,Mujeres,Todas las edades,rural,NA
COL,El Porvenir,2018,Mujeres,10-14,rural,NA
COL,El Porvenir,2018,Mujeres,15-19,rural,NA
COL,El Porvenir,2018,Mujeres,20-34,rural,NA
COL,El Porvenir,2018,Mujeres,35-49,rural,NA
COL,El Porvenir,2018,Mujeres,Todas las edades,rural,NA
COL,El Porvenir,2019,Mujeres,10-14,rural,NA
COL,El Porvenir,2019,Mujeres,15-19,rural,NA
COL,El Porvenir,2019,Mujeres,20-34,rural,NA
COL,El Porvenir,2019,Mujeres,35-49,rural,NA
COL,El Porvenir,2019,Mujeres,Todas las edades,rural,NA
COL,El Porvenir,2020,Mujeres,10-14,rural,0
COL,El Porvenir,2020,Mujeres,15-19,rural,0.26666666666666666
COL,El Porvenir,2020,Mujeres,20-34,rural,0.4
COL,El Porvenir,2020,Mujeres,35-49,rural,0.6
COL,El Porvenir,2020,Mujeres,Todas las edades,rural,0.3469387755102041
COL,El Porvenir,2021,Mujeres,10-14,rural,0.3333333333333333
COL,El Porvenir,2021,Mujeres,15-19,rural,0.3
COL,El Porvenir,2021,Mujeres,20-34,rural,0.48484848484848486
COL,El Porvenir,2021,Mujeres,35-49,rural,0.25
COL,El Porvenir,2021,Mujeres,Todas las edades,rural,0.39344262295081966
COL,El Porvenir,2022,Mujeres,10-14,rural,0.6
COL,El Porvenir,2022,Mujeres,15-19,rural,0.6428571428571429
COL,El Porvenir,2022,Mujeres,20-34,rural,0.46153846153846156
COL,El Porvenir,2022,Mujeres,35-49,rural,0.36363636363636365
COL,El Porvenir,2022,Mujeres,Todas las edades,rural,0.5116279069767442
COL,El Porvenir,2023,Mujeres,10-14,rural,0.3333333333333333
COL,El Porvenir,2023,Mujeres,15-19,rural,0.5333333333333333
COL,El Porvenir,2023,Mujeres,20-34,rural,0.5416666666666666
COL,El Porvenir,2023,Mujeres,35-49,rural,0.3333333333333333
COL,El Porvenir,2023,Mujeres,Todas las edades,rural,0.5
COL,El Porvenir,2024,Mujeres,10-14,rural,0.6666666666666666
COL,El Porvenir,2024,Mujeres,15-19,rural,0.625
COL,El Porvenir,2024,Mujeres,20-34,rural,0.6071428571428571
COL,El Porvenir,2024,Mujeres,35-49,rural,0.5714285714285714
COL,El Porvenir,2024,Mujeres,Todas las edades,rural,0.6037735849056604
COL,El Porvenir,2025,Mujeres,10-14,rural,0.6666666666666666
COL,El Porvenir,2025,Mujeres,15-19,rural,0.625
COL,El Porvenir,2025,Mujeres,20-34,rural,0.8064516129032258
COL,El Porvenir,2025,Mujeres,35-49,rural,0.6666666666666666
COL,El Porvenir,2025,Mujeres,Todas las edades,rural,0.7333333333333333
COL,La Alameda,2016,Mujeres,10-14,rural,NA
COL,La Alameda,2016,Mujeres,15-19,rural,NA
COL,La Alameda,2016,Mujeres,20-34,rural,NA
COL,La Alameda,2016,Mujeres,35-49,rural,NA
COL,La Alameda,2016,Mujeres,Todas las edades,rural,NA
COL,La Alameda,2017,Mujeres,10-14,rural,NA
COL,La Alameda,2017,Mujeres,15-19,rural,NA
COL,La Alameda,2017,Mujeres,20-34,rural,NA
COL,La Alameda,2017,Mujeres,35-49,rural,NA
COL,La Alameda,2017,Mujeres,Todas las edades,rural,NA
COL,La Alameda,2018,Mujeres,10-14,rural,NA
COL,La Alameda,2018,Mujeres,15-19,rural,NA
COL,La Alameda,2018,Mujeres,20-34,rural,NA
COL,La Alameda,2018,Mujeres,35-49,rural,NA
COL,La Alameda,2018,Mujeres,Todas las edades,rural,NA
COL,La Alameda,2019,Mujeres,10-14,rural,NA
COL,La Alameda,2019,Mujeres,15-19,rural,NA
COL,La Alameda,2019,Mujeres,20-34,rural,NA
COL,La Alameda,2019,Mujeres,35-49,rural,NA
COL,La Alameda,2019,Mujeres,Todas las edades,rural,NA
COL,La Alameda,2020,Mujeres,10-14,rural,0.25
COL,La Alameda,2020,Mujeres,15-19,rural,0.25
COL,La Alameda,2020,Mujeres,20-34,rural,0.4
COL,La Alameda,2020,Mujeres,35-49,rural,0.3888888888888889
COL,La Alameda,2020,Mujeres,Todas las edades,rural,0.36
COL,La Alameda,2021,Mujeres,10-14,rural,0
COL,La Alameda,2021,Mujeres,15-19,rural,0.5454545454545454
COL,La Alameda,2021,Mujeres,20-34,rural,0.1875
COL,La Alameda,2021,Mujeres,35-49,rural,0.5833333333333334
COL,La Alameda,2021,Mujeres,Todas las edades,rural,0.4
COL,La Alameda,2022,Mujeres,10-14,rural,0
COL,La Alameda,2022,Mujeres,15-19,rural,0.6666666666666666
COL,La Alameda,2022,Mujeres,20-34,rural,0.46153846153846156
COL,La Alameda,2022,Mujeres,35-49,rural,0.375
COL,La Alameda,2022,Mujeres,Todas las edades,rural,0.46774193548387094
COL,La Alameda,2023,Mujeres,10-14,rural,0
COL,La Alameda,2023,Mujeres,15-19,rural,0.5
COL,La Alameda,2023,Mujeres,20-34,rural,0.6521739130434783
COL,La Alameda,2023,Mujeres,35-49,rural,0.6666666666666666
COL,La Alameda,2023,Mujeres,Todas las edades,rural,0.5957446808510638
COL,La Alameda,2024,Mujeres,10-14,rural,0.8
COL,La Alameda,2024,Mujeres,15-19,rural,0.5384615384615384
COL,La Alameda,2024,Mujeres,20-34,rural,0.7857142857142857
COL,La Alameda,2024,Mujeres,35-49,rural,0.4444444444444444
COL,La Alameda,2024,Mujeres,Todas las edades,rural,0.6341463414634146
COL,La Alameda,2025,Mujeres,10-14,rural,1
COL,La Alameda,2025,Mujeres,15-19,rural,0.7333333333333333
COL,La Alameda,2025,Mujeres,20-34,rural,0.6551724137931034
COL,La Alameda,2025,Mujeres,35-49,rural,0.5
COL,La Alameda,2025,Mujeres,Todas las edades,rural,0.6833333333333333
COL,La Arboleda,2016,Mujeres,10-14,periurbano,NA
COL,La Arboleda,2016,Mujeres,15-19,periurbano,NA
COL,La Arboleda,2016,Mujeres,20-34,periurbano,NA
COL,La Arboleda,2016,Mujeres,35-49,periurbano,NA
COL,La Arboleda,2016,Mujeres,Todas las edades,periurbano,NA
COL,La Arboleda,2017,Mujeres,10-14,periurbano,NA
COL,La Arboleda,2017,Mujeres,15-19,periurbano,NA
COL,La Arboleda,2017,Mujeres,20-34,periurbano,NA
COL,La Arboleda,2017,Mujeres,35-49,periurbano,NA
COL,La Arboleda,2017,Mujeres,Todas las edades,periurbano,NA
COL,La Arboleda,2018,Mujeres,10-14,periurbano,NA
COL,La Arboleda,2018,Mujeres,15-19,periurbano,NA
COL,La Arboleda,2018,Mujeres,20-34,periurbano,NA
COL,La Arboleda,2018,Mujeres,35-49,periurbano,NA
COL,La Arboleda,2018,Mujeres,Todas las edades,periurbano,NA
COL,La Arboleda,2019,Mujeres,10-14,periurbano,NA
COL,La Arboleda,2019,Mujeres,15-19,periurbano,NA
COL,La Arboleda,2019,Mujeres,20-34,periurbano,NA
COL,La Arboleda,2019,Mujeres,35-49,periurbano,NA
COL,La Arboleda,2019,Mujeres,Todas las edades,periurbano,NA
COL,La Arboleda,2020,Mujeres,10-14,periurbano,0
COL,La Arboleda,2020,Mujeres,15-19,periurbano,0.21428571428571427
COL,La Arboleda,2020,Mujeres,20-34,periurbano,0.3870967741935484
COL,La Arboleda,2020,Mujeres,35-49,periurbano,0.18181818181818182
COL,La Arboleda,2020,Mujeres,Todas las edades,periurbano,0.2786885245901639
COL,La Arboleda,2021,Mujeres,10-14,periurbano,0.3333333333333333
COL,La Arboleda,2021,Mujeres,15-19,periurbano,0.21428571428571427
COL,La Arboleda,2021,Mujeres,20-34,periurbano,0.3888888888888889
COL,La Arboleda,2021,Mujeres,35-49,periurbano,0.3888888888888889
COL,La Arboleda,2021,Mujeres,Todas las edades,periurbano,0.35135135135135137
COL,La Arboleda,2022,Mujeres,10-14,periurbano,0.5
COL,La Arboleda,2022,Mujeres,15-19,periurbano,0.4666666666666667
COL,La Arboleda,2022,Mujeres,20-34,periurbano,0.40476190476190477
COL,La Arboleda,2022,Mujeres,35-49,periurbano,0.36363636363636365
COL,La Arboleda,2022,Mujeres,Todas las edades,periurbano,0.4142857142857143
COL,La Arboleda,2023,Mujeres,10-14,periurbano,0.8
COL,La Arboleda,2023,Mujeres,15-19,periurbano,0.4117647058823529
COL,La Arboleda,2023,Mujeres,20-34,periurbano,0.5384615384615384
COL,La Arboleda,2023,Mujeres,35-49,periurbano,0.5454545454545454
COL,La Arboleda,2023,Mujeres,Todas las edades,periurbano,0.5306122448979592
COL,La Arboleda,2024,Mujeres,10-14,periurbano,0.8571428571428571
COL,La Arboleda,2024,Mujeres,15-19,periurbano,0.6470588235294118
COL,La Arboleda,2024,Mujeres,20-34,periurbano,0.5625
COL,La Arboleda,2024,Mujeres,35-49,periurbano,0.6666666666666666
COL,La Arboleda,2024,Mujeres,Todas las edades,periurbano,0.6236559139784946
COL,La Arboleda,2025,Mujeres,10-14,periurbano,0.75
COL,La Arboleda,2025,Mujeres,15-19,periurbano,0.5833333333333334
COL,La Arboleda,2025,Mujeres,20-34,periurbano,0.5945945945945946
COL,La Arboleda,2025,Mujeres,35-49,periurbano,0.8888888888888888
COL,La Arboleda,2025,Mujeres,Todas las edades,periurbano,0.6451612903225806
COL,La Cañada,2016,Mujeres,10-14,rural,NA
COL,La Cañada,2016,Mujeres,15-19,rural,NA
COL,La Cañada,2016,Mujeres,20-34,rural,NA
COL,La Cañada,2016,Mujeres,35-49,rural,NA
COL,La Cañada,2016,Mujeres,Todas las edades,rural,NA
COL,La Cañada,2017,Mujeres,10-14,rural,NA
COL,La Cañada,2017,Mujeres,15-19,rural,NA
COL,La Cañada,2017,Mujeres,20-34,rural,NA
COL,La Cañada,2017,Mujeres,35-49,rural,NA
COL,La Cañada,2017,Mujeres,Todas las edades,rural,NA
COL,La Cañada,2018,Mujeres,10-14,rural,NA
COL,La Cañada,2018,Mujeres,15-19,rural,NA
COL,La Cañada,2018,Mujeres,20-34,rural,NA
COL,La Cañada,2018,Mujeres,35-49,rural,NA
COL,La Cañada,2018,Mujeres,Todas las edades,rural,NA
COL,La Cañada,2019,Mujeres,10-14,rural,NA
COL,La Cañada,2019,Mujeres,15-19,rural,NA
COL,La Cañada,2019,Mujeres,20-34,rural,NA
COL,La Cañada,2019,Mujeres,35-49,rural,NA
COL,La Cañada,2019,Mujeres,Todas las edades,rural,NA
COL,La Cañada,2020,Mujeres,10-14,rural,0.2
COL,La Cañada,2020,Mujeres,15-19,rural,0.15384615384615385
COL,La Cañada,2020,Mujeres,20-34,rural,0.20689655172413793
COL,La Cañada,2020,Mujeres,35-49,rural,0.3333333333333333
COL,La Cañada,2020,Mujeres,Todas las edades,rural,0.22033898305084745
COL,La Cañada,2021,Mujeres,10-14,rural,0.3333333333333333
COL,La Cañada,2021,Mujeres,15-19,rural,0.42857142857142855
COL,La Cañada,2021,Mujeres,20-34,rural,0.43243243243243246
COL,La Cañada,2021,Mujeres,35-49,rural,0.4166666666666667
COL,La Cañada,2021,Mujeres,Todas las edades,rural,0.42424242424242425
COL,La Cañada,2022,Mujeres,10-14,rural,0.6666666666666666
COL,La Cañada,2022,Mujeres,15-19,rural,0.38461538461538464
COL,La Cañada,2022,Mujeres,20-34,rural,0.5
COL,La Cañada,2022,Mujeres,35-49,rural,0.5
COL,La Cañada,2022,Mujeres,Todas las edades,rural,0.4909090909090909
COL,La Cañada,2023,Mujeres,10-14,rural,0.3333333333333333
COL,La Cañada,2023,Mujeres,15-19,rural,0.7142857142857143
COL,La Cañada,2023,Mujeres,20-34,rural,0.6190476190476191
COL,La Cañada,2023,Mujeres,35-49,rural,0.5
COL,La Cañada,2023,Mujeres,Todas las edades,rural,0.5945945945945946
COL,La Cañada,2024,Mujeres,10-14,rural,0
COL,La Cañada,2024,Mujeres,15-19,rural,0.5333333333333333
COL,La Cañada,2024,Mujeres,20-34,rural,0.7272727272727273
COL,La Cañada,2024,Mujeres,35-49,rural,0.5454545454545454
COL,La Cañada,2024,Mujeres,Todas las edades,rural,0.647887323943662
COL,La Cañada,2025,Mujeres,10-14,rural,1
COL,La Cañada,2025,Mujeres,15-19,rural,0.6666666666666666
COL,La Cañada,2025,Mujeres,20-34,rural,0.7692307692307693
COL,La Cañada,2025,Mujeres,35-49,rural,0.75
COL,La Cañada,2025,Mujeres,Todas las edades,rural,0.7368421052631579
COL,La Primavera,2016,Mujeres,10-14,periurbano,NA
COL,La Primavera,2016,Mujeres,15-19,periurbano,NA
COL,La Primavera,2016,Mujeres,20-34,periurbano,NA
COL,La Primavera,2016,Mujeres,35-49,periurbano,NA
COL,La Primavera,2016,Mujeres,Todas las edades,periurbano,NA
COL,La Primavera,2017,Mujeres,10-14,periurbano,NA
COL,La Primavera,2017,Mujeres,15-19,periurbano,NA
COL,La Primavera,2017,Mujeres,20-34,periurbano,NA
COL,La Primavera,2017,Mujeres,35-49,periurbano,NA
COL,La Primavera,2017,Mujeres,Todas las edades,periurbano,NA
COL,La Primavera,2018,Mujeres,10-14,periurbano,NA
COL,La Primavera,2018,Mujeres,15-19,periurbano,NA
COL,La Primavera,2018,Mujeres,20-34,periurbano,NA
COL,La Primavera,2018,Mujeres,35-49,periurbano,NA
COL,La Primavera,2018,Mujeres,Todas las edades,periurbano,NA
COL,La Primavera,2019,Mujeres,10-14,periurbano,NA
COL,La Primavera,2019,Mujeres,15-19,periurbano,NA
COL,La Primavera,2019,Mujeres,20-34,periurbano,NA
COL,La Primavera,2019,Mujeres,35-49,periurbano,NA
COL,La Primavera,2019,Mujeres,Todas las edades,periurbano,NA
COL,La Primavera,2020,Mujeres,10-14,periurbano,0.14285714285714285
COL,La Primavera,2020,Mujeres,15-19,periurbano,0.23076923076923078
COL,La Primavera,2020,Mujeres,20-34,periurbano,0.23076923076923078
COL,La Primavera,2020,Mujeres,35-49,periurbano,0.3181818181818182
COL,La Primavera,2020,Mujeres,Todas las edades,periurbano,0.25
COL,La Primavera,2021,Mujeres,10-14,periurbano,0.2857142857142857
COL,La Primavera,2021,Mujeres,15-19,periurbano,0.2222222222222222
COL,La Primavera,2021,Mujeres,20-34,periurbano,0.25806451612903225
COL,La Primavera,2021,Mujeres,35-49,periurbano,0.3333333333333333
COL,La Primavera,2021,Mujeres,Todas las edades,periurbano,0.2727272727272727
COL,La Primavera,2022,Mujeres,10-14,periurbano,0.6666666666666666
COL,La Primavera,2022,Mujeres,15-19,periurbano,0.5384615384615384
COL,La Primavera,2022,Mujeres,20-34,periurbano,0.4166666666666667
COL,La Primavera,2022,Mujeres,35-49,periurbano,0.4375
COL,La Primavera,2022,Mujeres,Todas las edades,periurbano,0.45
COL,La Primavera,2023,Mujeres,10-14,periurbano,0.2
COL,La Primavera,2023,Mujeres,15-19,periurbano,0.38461538461538464
COL,La Primavera,2023,Mujeres,20-34,periurbano,0.4
COL,La Primavera,2023,Mujeres,35-49,periurbano,0.6
COL,La Primavera,2023,Mujeres,Todas las edades,periurbano,0.4126984126984127
COL,La Primavera,2024,Mujeres,10-14,periurbano,0.5
COL,La Primavera,2024,Mujeres,15-19,periurbano,0.5
COL,La Primavera,2024,Mujeres,20-34,periurbano,0.5833333333333334
COL,La Primavera,2024,Mujeres,35-49,periurbano,0.4666666666666667
COL,La Primavera,2024,Mujeres,Todas las edades,periurbano,0.5494505494505495
COL,La Primavera,2025,Mujeres,10-14,periurbano,0.6
COL,La Primavera,2025,Mujeres,15-19,periurbano,0.5
COL,La Primavera,2025,Mujeres,20-34,periurbano,0.3953488372093023
COL,La Primavera,2025,Mujeres,35-49,periurbano,0.7647058823529411
COL,La Primavera,2025,Mujeres,Todas las edades,periurbano,0.5066666666666667
COL,Las Brisas,2016,Mujeres,10-14,rural,NA
COL,Las Brisas,2016,Mujeres,15-19,rural,NA
COL,Las Brisas,2016,Mujeres,20-34,rural,NA
COL,Las Brisas,2016,Mujeres,35-49,rural,NA
COL,Las Brisas,2016,Mujeres,Todas las edades,rural,NA
COL,Las Brisas,2017,Mujeres,10-14,rural,NA
COL,Las Brisas,2017,Mujeres,15-19,rural,NA
COL,Las Brisas,2017,Mujeres,20-34,rural,NA
COL,Las Brisas,2017,Mujeres,35-49,rural,NA
COL,Las Brisas,2017,Mujeres,Todas las edades,rural,NA
COL,Las Brisas,2018,Mujeres,10-14,rural,NA
COL,Las Brisas,2018,Mujeres,15-19,rural,NA
COL,Las Brisas,2018,Mujeres,20-34,rural,NA
COL,Las Brisas,2018,Mujeres,35-49,rural,NA
COL,Las Brisas,2018,Mujeres,Todas las edades,rural,NA
COL,Las Brisas,2019,Mujeres,10-14,rural,NA
COL,Las Brisas,2019,Mujeres,15-19,rural,NA
COL,Las Brisas,2019,Mujeres,20-34,rural,NA
COL,Las Brisas,2019,Mujeres,35-49,rural,NA
COL,Las Brisas,2019,Mujeres,Todas las edades,rural,NA
COL,Las Brisas,2020,Mujeres,10-14,rural,0.6666666666666666
COL,Las Brisas,2020,Mujeres,15-19,rural,0.2727272727272727
COL,Las Brisas,2020,Mujeres,20-34,rural,0.2857142857142857
COL,Las Brisas,2020,Mujeres,35-49,rural,0.5454545454545454
COL,Las Brisas,2020,Mujeres,Todas las edades,rural,0.375
COL,Las Brisas,2021,Mujeres,10-14,rural,1
COL,Las Brisas,2021,Mujeres,15-19,rural,0.2
COL,Las Brisas,2021,Mujeres,20-34,rural,0.2857142857142857
COL,Las Brisas,2021,Mujeres,35-49,rural,0.3
COL,Las Brisas,2021,Mujeres,Todas las edades,rural,0.2765957446808511
COL,Las Brisas,2022,Mujeres,10-14,rural,0.5
COL,Las Brisas,2022,Mujeres,15-19,rural,0.36363636363636365
COL,Las Brisas,2022,Mujeres,20-34,rural,0.5384615384615384
COL,Las Brisas,2022,Mujeres,35-49,rural,0.7
COL,Las Brisas,2022,Mujeres,Todas las edades,rural,0.53125
COL,Las Brisas,2023,Mujeres,10-14,rural,0.6
COL,Las Brisas,2023,Mujeres,15-19,rural,0.5714285714285714
COL,Las Brisas,2023,Mujeres,20-34,rural,0.5135135135135135
COL,Las Brisas,2023,Mujeres,35-49,rural,0.5625
COL,Las Brisas,2023,Mujeres,Todas las edades,rural,0.5416666666666666
COL,Las Brisas,2024,Mujeres,10-14,rural,0.8
COL,Las Brisas,2024,Mujeres,15-19,rural,0.5714285714285714
COL,Las Brisas,2024,Mujeres,20-34,rural,0.8333333333333334
COL,Las Brisas,2024,Mujeres,35-49,rural,0.5625
COL,Las Brisas,2024,Mujeres,Todas las edades,rural,0.6595744680851063
COL,Las Brisas,2025,Mujeres,10-14,rural,0.3333333333333333
COL,Las Brisas,2025,Mujeres,15-19,rural,0.75
COL,Las Brisas,2025,Mujeres,20-34,rural,0.6190476190476191
COL,Las Brisas,2025,Mujeres,35-49,rural,0.45454545454545453
COL,Las Brisas,2025,Mujeres,Todas las edades,rural,0.5957446808510638
COL,Las Palmas,2016,Mujeres,10-14,periurbano,NA
COL,Las Palmas,2016,Mujeres,15-19,periurbano,NA
COL,Las Palmas,2016,Mujeres,20-34,periurbano,NA
COL,Las Palmas,2016,Mujeres,35-49,periurbano,NA
COL,Las Palmas,2016,Mujeres,Todas las edades,periurbano,NA
COL,Las Palmas,2017,Mujeres,10-14,periurbano,NA
COL,Las Palmas,2017,Mujeres,15-19,periurbano,NA
COL,Las Palmas,2017,Mujeres,20-34,periurbano,NA
COL,Las Palmas,2017,Mujeres,35-49,periurbano,NA
COL,Las Palmas,2017,Mujeres,Todas las edades,periurbano,NA
COL,Las Palmas,2018,Mujeres,10-14,periurbano,NA
COL,Las Palmas,2018,Mujeres,15-19,periurbano,NA
COL,Las Palmas,2018,Mujeres,20-34,periurbano,NA
COL,Las Palmas,2018,Mujeres,35-49,periurbano,NA
COL,Las Palmas,2018,Mujeres,Todas las edades,periurbano,NA
COL,Las Palmas,2019,Mujeres,10-14,periurbano,NA
COL,Las Palmas,2019,Mujeres,15-19,periurbano,NA
COL,Las Palmas,2019,Mujeres,20-34,periurbano,NA
COL,Las Palmas,2019,Mujeres,35-49,periurbano,NA
COL,Las Palmas,2019,Mujeres,Todas las edades,periurbano,NA
COL,Las Palmas,2020,Mujeres,10-14,periurbano,0.2
COL,Las Palmas,2020,Mujeres,15-19,periurbano,0.17647058823529413
COL,Las Palmas,2020,Mujeres,20-34,periurbano,0.28
COL,Las Palmas,2020,Mujeres,35-49,periurbano,0.2727272727272727
COL,Las Palmas,2020,Mujeres,Todas las edades,periurbano,0.25301204819277107
COL,Las Palmas,2021,Mujeres,10-14,periurbano,0.8
COL,Las Palmas,2021,Mujeres,15-19,periurbano,0.5333333333333333
COL,Las Palmas,2021,Mujeres,20-34,periurbano,0.4
COL,Las Palmas,2021,Mujeres,35-49,periurbano,0.4
COL,Las Palmas,2021,Mujeres,Todas las edades,periurbano,0.4444444444444444
COL,Las Palmas,2022,Mujeres,10-14,periurbano,0.25
COL,Las Palmas,2022,Mujeres,15-19,periurbano,0.5
COL,Las Palmas,2022,Mujeres,20-34,periurbano,0.37209302325581395
COL,Las Palmas,2022,Mujeres,35-49,periurbano,0.4166666666666667
COL,Las Palmas,2022,Mujeres,Todas las edades,periurbano,0.3972602739726027
COL,Las Palmas,2023,Mujeres,10-14,periurbano,0.6666666666666666
COL,Las Palmas,2023,Mujeres,15-19,periurbano,0.3888888888888889
COL,Las Palmas,2023,Mujeres,20-34,periurbano,0.6363636363636364
COL,Las Palmas,2023,Mujeres,35-49,periurbano,0.5714285714285714
COL,Las Palmas,2023,Mujeres,Todas las edades,periurbano,0.55
COL,Las Palmas,2024,Mujeres,10-14,periurbano,0.4
COL,Las Palmas,2024,Mujeres,15-19,periurbano,0.3888888888888889
COL,Las Palmas,2024,Mujeres,20-34,periurbano,0.66
COL,Las Palmas,2024,Mujeres,35-49,periurbano,0.7058823529411765
COL,Las Palmas,2024,Mujeres,Todas las edades,periurbano,0.6
COL,Las Palmas,2025,Mujeres,10-14,periurbano,0.75
COL,Las Palmas,2025,Mujeres,15-19,periurbano,0.5333333333333333
COL,Las Palmas,2025,Mujeres,20-34,periurbano,0.6792452830188679
COL,Las Palmas,2025,Mujeres,35-49,periurbano,0.6666666666666666
COL,Las Palmas,2025,Mujeres,Todas las edades,periurbano,0.654320987654321
COL,Los Arrayanes,2016,Mujeres,10-14,rural,NA
COL,Los Arrayanes,2016,Mujeres,15-19,rural,NA
COL,Los Arrayanes,2016,Mujeres,20-34,rural,NA
COL,Los Arrayanes,2016,Mujeres,35-49,rural,NA
COL,Los Arrayanes,2016,Mujeres,Todas las edades,rural,NA
COL,Los Arrayanes,2017,Mujeres,10-14,rural,NA
COL,Los Arrayanes,2017,Mujeres,15-19,rural,NA
COL,Los Arrayanes,2017,Mujeres,20-34,rural,NA
COL,Los Arrayanes,2017,Mujeres,35-49,rural,NA
COL,Los Arrayanes,2017,Mujeres,Todas las edades,rural,NA
COL,Los Arrayanes,2018,Mujeres,10-14,rural,NA
COL,Los Arrayanes,2018,Mujeres,15-19,rural,NA
COL,Los Arrayanes,2018,Mujeres,20-34,rural,NA
COL,Los Arrayanes,2018,Mujeres,35-49,rural,NA
COL,Los Arrayanes,2018,Mujeres,Todas las edades,rural,NA
COL,Los Arrayanes,2019,Mujeres,10-14,rural,NA
COL,Los Arrayanes,2019,Mujeres,15-19,rural,NA
COL,Los Arrayanes,2019,Mujeres,20-34,rural,NA
COL,Los Arrayanes,2019,Mujeres,35-49,rural,NA
COL,Los Arrayanes,2019,Mujeres,Todas las edades,rural,NA
COL,Los Arrayanes,2020,Mujeres,10-14,rural,0.2
COL,Los Arrayanes,2020,Mujeres,15-19,rural,0.2
COL,Los Arrayanes,2020,Mujeres,20-34,rural,0.2903225806451613
COL,Los Arrayanes,2020,Mujeres,35-49,rural,0.5454545454545454
COL,Los Arrayanes,2020,Mujeres,Todas las edades,rural,0.3157894736842105
COL,Los Arrayanes,2021,Mujeres,10-14,rural,0.25
COL,Los Arrayanes,2021,Mujeres,15-19,rural,0.3333333333333333
COL,Los Arrayanes,2021,Mujeres,20-34,rural,0.35
COL,Los Arrayanes,2021,Mujeres,35-49,rural,0.46153846153846156
COL,Los Arrayanes,2021,Mujeres,Todas las edades,rural,0.3695652173913043
COL,Los Arrayanes,2022,Mujeres,10-14,rural,0.75
COL,Los Arrayanes,2022,Mujeres,15-19,rural,0.38461538461538464
COL,Los Arrayanes,2022,Mujeres,20-34,rural,0.5
COL,Los Arrayanes,2022,Mujeres,35-49,rural,0.2857142857142857
COL,Los Arrayanes,2022,Mujeres,Todas las edades,rural,0.45652173913043476
COL,Los Arrayanes,2023,Mujeres,10-14,rural,0.75
COL,Los Arrayanes,2023,Mujeres,15-19,rural,0.6666666666666666
COL,Los Arrayanes,2023,Mujeres,20-34,rural,0.4375
COL,Los Arrayanes,2023,Mujeres,35-49,rural,0.35294117647058826
COL,Los Arrayanes,2023,Mujeres,Todas las edades,rural,0.4782608695652174
COL,Los Arrayanes,2024,Mujeres,10-14,rural,0.6666666666666666
COL,Los Arrayanes,2024,Mujeres,15-19,rural,0.75
COL,Los Arrayanes,2024,Mujeres,20-34,rural,0.7222222222222222
COL,Los Arrayanes,2024,Mujeres,35-49,rural,0.8461538461538461
COL,Los Arrayanes,2024,Mujeres,Todas las edades,rural,0.7608695652173914
COL,Los Arrayanes,2025,Mujeres,10-14,rural,1
COL,Los Arrayanes,2025,Mujeres,15-19,rural,0.8333333333333334
COL,Los Arrayanes,2025,Mujeres,20-34,rural,0.4444444444444444
COL,Los Arrayanes,2025,Mujeres,35-49,rural,1
COL,Los Arrayanes,2025,Mujeres,Todas las edades,rural,0.6451612903225806
COL,Los Pinos,2016,Mujeres,10-14,rural,NA
COL,Los Pinos,2016,Mujeres,15-19,rural,NA
COL,Los Pinos,2016,Mujeres,20-34,rural,NA
COL,Los Pinos,2016,Mujeres,35-49,rural,NA
COL,Los Pinos,2016,Mujeres,Todas las edades,rural,NA
COL,Los Pinos,2017,Mujeres,10-14,rural,NA
COL,Los Pinos,2017,Mujeres,15-19,rural,NA
COL,Los Pinos,2017,Mujeres,20-34,rural,NA
COL,Los Pinos,2017,Mujeres,35-49,rural,NA
COL,Los Pinos,2017,Mujeres,Todas las edades,rural,NA
COL,Los Pinos,2018,Mujeres,10-14,rural,NA
COL,Los Pinos,2018,Mujeres,15-19,rural,NA
COL,Los Pinos,2018,Mujeres,20-34,rural,NA
COL,Los Pinos,2018,Mujeres,35-49,rural,NA
COL,Los Pinos,2018,Mujeres,Todas las edades,rural,NA
COL,Los Pinos,2019,Mujeres,10-14,rural,NA
COL,Los Pinos,2019,Mujeres,15-19,rural,NA
COL,Los Pinos,2019,Mujeres,20-34,rural,NA
COL,Los Pinos,2019,Mujeres,35-49,rural,NA
COL,Los Pinos,2019,Mujeres,Todas las edades,rural,NA
COL,Los Pinos,2020,Mujeres,10-14,rural,0.25
COL,Los Pinos,2020,Mujeres,15-19,rural,0.6666666666666666
COL,Los Pinos,2020,Mujeres,20-34,rural,0.2777777777777778
COL,Los Pinos,2020,Mujeres,35-49,rural,0.25
COL,Los Pinos,2020,Mujeres,Todas las edades,rural,0.3333333333333333
COL,Los Pinos,2021,Mujeres,10-14,rural,0.5
COL,Los Pinos,2021,Mujeres,15-19,rural,0.5333333333333333
COL,Los Pinos,2021,Mujeres,20-34,rural,0.5238095238095238
COL,Los Pinos,2021,Mujeres,35-49,rural,0.42857142857142855
COL,Los Pinos,2021,Mujeres,Todas las edades,rural,0.5064935064935064
COL,Los Pinos,2022,Mujeres,10-14,rural,0.8333333333333334
COL,Los Pinos,2022,Mujeres,15-19,rural,0.42857142857142855
COL,Los Pinos,2022,Mujeres,20-34,rural,0.525
COL,Los Pinos,2022,Mujeres,35-49,rural,0.5555555555555556
COL,Los Pinos,2022,Mujeres,Todas las edades,rural,0.5483870967741935
COL,Los Pinos,2023,Mujeres,10-14,rural,1
COL,Los Pinos,2023,Mujeres,15-19,rural,1
COL,Los Pinos,2023,Mujeres,20-34,rural,0.7
COL,Los Pinos,2023,Mujeres,35-49,rural,1
COL,Los Pinos,2023,Mujeres,Todas las edades,rural,0.8064516129032258
COL,Los Pinos,2024,Mujeres,10-14,rural,0.3333333333333333
COL,Los Pinos,2024,Mujeres,15-19,rural,0.5714285714285714
COL,Los Pinos,2024,Mujeres,20-34,rural,0.7307692307692307
COL,Los Pinos,2024,Mujeres,35-49,rural,0.6
COL,Los Pinos,2024,Mujeres,Todas las edades,rural,0.6274509803921569
COL,Los Pinos,2025,Mujeres,10-14,rural,1
COL,Los Pinos,2025,Mujeres,15-19,rural,0.8666666666666667
COL,Los Pinos,2025,Mujeres,20-34,rural,0.6428571428571429
COL,Los Pinos,2025,Mujeres,35-49,rural,0.8888888888888888
COL,Los Pinos,2025,Mujeres,Todas las edades,rural,0.7313432835820896
COL,Los Álamos,2016,Mujeres,10-14,rural,NA
COL,Los Álamos,2016,Mujeres,15-19,rural,NA
COL,Los Álamos,2016,Mujeres,20-34,rural,NA
COL,Los Álamos,2016,Mujeres,35-49,rural,NA
COL,Los Álamos,2016,Mujeres,Todas las edades,rural,NA
COL,Los Álamos,2017,Mujeres,10-14,rural,NA
COL,Los Álamos,2017,Mujeres,15-19,rural,NA
COL,Los Álamos,2017,Mujeres,20-34,rural,NA
COL,Los Álamos,2017,Mujeres,35-49,rural,NA
COL,Los Álamos,2017,Mujeres,Todas las edades,rural,NA
COL,Los Álamos,2018,Mujeres,10-14,rural,NA
COL,Los Álamos,2018,Mujeres,15-19,rural,NA
COL,Los Álamos,2018,Mujeres,20-34,rural,NA
COL,Los Álamos,2018,Mujeres,35-49,rural,NA
COL,Los Álamos,2018,Mujeres,Todas las edades,rural,NA
COL,Los Álamos,2019,Mujeres,10-14,rural,NA
COL,Los Álamos,2019,Mujeres,15-19,rural,NA
COL,Los Álamos,2019,Mujeres,20-34,rural,NA
COL,Los Álamos,2019,Mujeres,35-49,rural,NA
COL,Los Álamos,2019,Mujeres,Todas las edades,rural,NA
COL,Los Álamos,2020,Mujeres,10-14,rural,1
COL,Los Álamos,2020,Mujeres,15-19,rural,0.16666666666666666
COL,Los Álamos,2020,Mujeres,20-34,rural,0.3333333333333333
COL,Los Álamos,2020,Mujeres,35-49,rural,0.2
COL,Los Álamos,2020,Mujeres,Todas las edades,rural,0.2777777777777778
COL,Los Álamos,2021,Mujeres,10-14,rural,0
COL,Los Álamos,2021,Mujeres,15-19,rural,0.3
COL,Los Álamos,2021,Mujeres,20-34,rural,0.43243243243243246
COL,Los Álamos,2021,Mujeres,35-49,rural,0.3888888888888889
COL,Los Álamos,2021,Mujeres,Todas las edades,rural,0.38235294117647056
COL,Los Álamos,2022,Mujeres,10-14,rural,0.3333333333333333
COL,Los Álamos,2022,Mujeres,15-19,rural,0.5333333333333333
COL,Los Álamos,2022,Mujeres,20-34,rural,0.38461538461538464
COL,Los Álamos,2022,Mujeres,35-49,rural,0.4117647058823529
COL,Los Álamos,2022,Mujeres,Todas las edades,rural,0.4375
COL,Los Álamos,2023,Mujeres,10-14,rural,0
COL,Los Álamos,2023,Mujeres,15-19,rural,0.4166666666666667
COL,Los Álamos,2023,Mujeres,20-34,rural,0.7142857142857143
COL,Los Álamos,2023,Mujeres,35-49,rural,0.9
COL,Los Álamos,2023,Mujeres,Todas las edades,rural,0.6666666666666666
COL,Los Álamos,2024,Mujeres,10-14,rural,1
COL,Los Álamos,2024,Mujeres,15-19,rural,0.6923076923076923
COL,Los Álamos,2024,Mujeres,20-34,rural,0.8
COL,Los Álamos,2024,Mujeres,35-49,rural,0.6666666666666666
COL,Los Álamos,2024,Mujeres,Todas las edades,rural,0.7619047619047619
COL,Los Álamos,2025,Mujeres,10-14,rural,0.6666666666666666
COL,Los Álamos,2025,Mujeres,15-19,rural,0.8181818181818182
COL,Los Álamos,2025,Mujeres,20-34,rural,0.6666666666666666
COL,Los Álamos,2025,Mujeres,35-49,rural,0.8235294117647058
COL,Los Álamos,2025,Mujeres,Todas las edades,rural,0.734375
COL,Nueva Esperanza,2016,Mujeres,10-14,periurbano,NA
COL,Nueva Esperanza,2016,Mujeres,15-19,periurbano,NA
COL,Nueva Esperanza,2016,Mujeres,20-34,periurbano,NA
COL,Nueva Esperanza,2016,Mujeres,35-49,periurbano,NA
COL,Nueva Esperanza,2016,Mujeres,Todas las edades,periurbano,NA
COL,Nueva Esperanza,2017,Mujeres,10-14,periurbano,NA
COL,Nueva Esperanza,2017,Mujeres,15-19,periurbano,NA
COL,Nueva Esperanza,2017,Mujeres,20-34,periurbano,NA
COL,Nueva Esperanza,2017,Mujeres,35-49,periurbano,NA
COL,Nueva Esperanza,2017,Mujeres,Todas las edades,periurbano,NA
COL,Nueva Esperanza,2018,Mujeres,10-14,periurbano,NA
COL,Nueva Esperanza,2018,Mujeres,15-19,periurbano,NA
COL,Nueva Esperanza,2018,Mujeres,20-34,periurbano,NA
COL,Nueva Esperanza,2018,Mujeres,35-49,periurbano,NA
COL,Nueva Esperanza,2018,Mujeres,Todas las edades,periurbano,NA
COL,Nueva Esperanza,2019,Mujeres,10-14,periurbano,NA
COL,Nueva Esperanza,2019,Mujeres,15-19,periurbano,NA
COL,Nueva Esperanza,2019,Mujeres,20-34,periurbano,NA
COL,Nueva Esperanza,2019,Mujeres,35-49,periurbano,NA
COL,Nueva Esperanza,2019,Mujeres,Todas las edades,periurbano,NA
COL,Nueva Esperanza,2020,Mujeres,10-14,periurbano,0
COL,Nueva Esperanza,2020,Mujeres,15-19,periurbano,0.3333333333333333
COL,Nueva Esperanza,2020,Mujeres,20-34,periurbano,0.41935483870967744
COL,Nueva Esperanza,2020,Mujeres,35-49,periurbano,0.15
COL,Nueva Esperanza,2020,Mujeres,Todas las edades,periurbano,0.29850746268656714
COL,Nueva Esperanza,2021,Mujeres,10-14,periurbano,0
COL,Nueva Esperanza,2021,Mujeres,15-19,periurbano,0.4
COL,Nueva Esperanza,2021,Mujeres,20-34,periurbano,0.4864864864864865
COL,Nueva Esperanza,2021,Mujeres,35-49,periurbano,0.3181818181818182
COL,Nueva Esperanza,2021,Mujeres,Todas las edades,periurbano,0.4025974025974026
COL,Nueva Esperanza,2022,Mujeres,10-14,periurbano,0
COL,Nueva Esperanza,2022,Mujeres,15-19,periurbano,0.3333333333333333
COL,Nueva Esperanza,2022,Mujeres,20-34,periurbano,0.43859649122807015
COL,Nueva Esperanza,2022,Mujeres,35-49,periurbano,0.6666666666666666
COL,Nueva Esperanza,2022,Mujeres,Todas las edades,periurbano,0.4367816091954023
COL,Nueva Esperanza,2023,Mujeres,10-14,periurbano,0.42857142857142855
COL,Nueva Esperanza,2023,Mujeres,15-19,periurbano,0.5
COL,Nueva Esperanza,2023,Mujeres,20-34,periurbano,0.4722222222222222
COL,Nueva Esperanza,2023,Mujeres,35-49,periurbano,0.75
COL,Nueva Esperanza,2023,Mujeres,Todas las edades,periurbano,0.5079365079365079
COL,Nueva Esperanza,2024,Mujeres,10-14,periurbano,0.3333333333333333
COL,Nueva Esperanza,2024,Mujeres,15-19,periurbano,0.3076923076923077
COL,Nueva Esperanza,2024,Mujeres,20-34,periurbano,0.5217391304347826
COL,Nueva Esperanza,2024,Mujeres,35-49,periurbano,0.6428571428571429
COL,Nueva Esperanza,2024,Mujeres,Todas las edades,periurbano,0.49056603773584906
COL,Nueva Esperanza,2025,Mujeres,10-14,periurbano,0.75
COL,Nueva Esperanza,2025,Mujeres,15-19,periurbano,0.7058823529411765
COL,Nueva Esperanza,2025,Mujeres,20-34,periurbano,0.6041666666666666
COL,Nueva Esperanza,2025,Mujeres,35-49,periurbano,0.35
COL,Nueva Esperanza,2025,Mujeres,Todas las edades,periurbano,0.5730337078651685
COL,Nueva Vida,2016,Mujeres,10-14,periurbano,NA
COL,Nueva Vida,2016,Mujeres,15-19,periurbano,NA
COL,Nueva Vida,2016,Mujeres,20-34,periurbano,NA
COL,Nueva Vida,2016,Mujeres,35-49,periurbano,NA
COL,Nueva Vida,2016,Mujeres,Todas las edades,periurbano,NA
COL,Nueva Vida,2017,Mujeres,10-14,periurbano,NA
COL,Nueva Vida,2017,Mujeres,15-19,periurbano,NA
COL,Nueva Vida,2017,Mujeres,20-34,periurbano,NA
COL,Nueva Vida,2017,Mujeres,35-49,periurbano,NA
COL,Nueva Vida,2017,Mujeres,Todas las edades,periurbano,NA
COL,Nueva Vida,2018,Mujeres,10-14,periurbano,NA
COL,Nueva Vida,2018,Mujeres,15-19,periurbano,NA
COL,Nueva Vida,2018,Mujeres,20-34,periurbano,NA
COL,Nueva Vida,2018,Mujeres,35-49,periurbano,NA
COL,Nueva Vida,2018,Mujeres,Todas las edades,periurbano,NA
COL,Nueva Vida,2019,Mujeres,10-14,periurbano,NA
COL,Nueva Vida,2019,Mujeres,15-19,periurbano,NA
COL,Nueva Vida,2019,Mujeres,20-34,periurbano,NA
COL,Nueva Vida,2019,Mujeres,35-49,periurbano,NA
COL,Nueva Vida,2019,Mujeres,Todas las edades,periurbano,NA
COL,Nueva Vida,2020,Mujeres,10-14,periurbano,0.2
COL,Nueva Vida,2020,Mujeres,15-19,periurbano,0.2727272727272727
COL,Nueva Vida,2020,Mujeres,20-34,periurbano,0.2
COL,Nueva Vida,2020,Mujeres,35-49,periurbano,0.375
COL,Nueva Vida,2020,Mujeres,Todas las edades,periurbano,0.24489795918367346
COL,Nueva Vida,2021,Mujeres,10-14,periurbano,0.5
COL,Nueva Vida,2021,Mujeres,15-19,periurbano,0.23529411764705882
COL,Nueva Vida,2021,Mujeres,20-34,periurbano,0.3333333333333333
COL,Nueva Vida,2021,Mujeres,35-49,periurbano,0.3
COL,Nueva Vida,2021,Mujeres,Todas las edades,periurbano,0.30985915492957744
COL,Nueva Vida,2022,Mujeres,10-14,periurbano,0.42857142857142855
COL,Nueva Vida,2022,Mujeres,15-19,periurbano,0.5333333333333333
COL,Nueva Vida,2022,Mujeres,20-34,periurbano,0.4716981132075472
COL,Nueva Vida,2022,Mujeres,35-49,periurbano,0.3888888888888889
COL,Nueva Vida,2022,Mujeres,Todas las edades,periurbano,0.46236559139784944
COL,Nueva Vida,2023,Mujeres,10-14,periurbano,0.5
COL,Nueva Vida,2023,Mujeres,15-19,periurbano,0.4166666666666667
COL,Nueva Vida,2023,Mujeres,20-34,periurbano,0.44
COL,Nueva Vida,2023,Mujeres,35-49,periurbano,0.5263157894736842
COL,Nueva Vida,2023,Mujeres,Todas las edades,periurbano,0.4666666666666667
COL,Nueva Vida,2024,Mujeres,10-14,periurbano,0.8
COL,Nueva Vida,2024,Mujeres,15-19,periurbano,0.6470588235294118
COL,Nueva Vida,2024,Mujeres,20-34,periurbano,0.6052631578947368
COL,Nueva Vida,2024,Mujeres,35-49,periurbano,0.7142857142857143
COL,Nueva Vida,2024,Mujeres,Todas las edades,periurbano,0.654320987654321
COL,Nueva Vida,2025,Mujeres,10-14,periurbano,0.25
COL,Nueva Vida,2025,Mujeres,15-19,periurbano,0.8
COL,Nueva Vida,2025,Mujeres,20-34,periurbano,0.5384615384615384
COL,Nueva Vida,2025,Mujeres,35-49,periurbano,0.45454545454545453
COL,Nueva Vida,2025,Mujeres,Todas las edades,periurbano,0.546875
COL,Plaza del Valle,2016,Mujeres,10-14,rural,NA
COL,Plaza del Valle,2016,Mujeres,15-19,rural,NA
COL,Plaza del Valle,2016,Mujeres,20-34,rural,NA
COL,Plaza del Valle,2016,Mujeres,35-49,rural,NA
COL,Plaza del Valle,2016,Mujeres,Todas las edades,rural,NA
COL,Plaza del Valle,2017,Mujeres,10-14,rural,NA
COL,Plaza del Valle,2017,Mujeres,15-19,rural,NA
COL,Plaza del Valle,2017,Mujeres,20-34,rural,NA
COL,Plaza del Valle,2017,Mujeres,35-49,rural,NA
COL,Plaza del Valle,2017,Mujeres,Todas las edades,rural,NA
COL,Plaza del Valle,2018,Mujeres,10-14,rural,NA
COL,Plaza del Valle,2018,Mujeres,15-19,rural,NA
COL,Plaza del Valle,2018,Mujeres,20-34,rural,NA
COL,Plaza del Valle,2018,Mujeres,35-49,rural,NA
COL,Plaza del Valle,2018,Mujeres,Todas las edades,rural,NA
COL,Plaza del Valle,2019,Mujeres,10-14,rural,NA
COL,Plaza del Valle,2019,Mujeres,15-19,rural,NA
COL,Plaza del Valle,2019,Mujeres,20-34,rural,NA
COL,Plaza del Valle,2019,Mujeres,35-49,rural,NA
COL,Plaza del Valle,2019,Mujeres,Todas las edades,rural,NA
COL,Plaza del Valle,2020,Mujeres,10-14,rural,0.3333333333333333
COL,Plaza del Valle,2020,Mujeres,15-19,rural,0.2
COL,Plaza del Valle,2020,Mujeres,20-34,rural,0.2727272727272727
COL,Plaza del Valle,2020,Mujeres,35-49,rural,0.15384615384615385
COL,Plaza del Valle,2020,Mujeres,Todas las edades,rural,0.24615384615384617
COL,Plaza del Valle,2021,Mujeres,10-14,rural,0.6666666666666666
COL,Plaza del Valle,2021,Mujeres,15-19,rural,0.4444444444444444
COL,Plaza del Valle,2021,Mujeres,20-34,rural,0.3333333333333333
COL,Plaza del Valle,2021,Mujeres,35-49,rural,0.16666666666666666
COL,Plaza del Valle,2021,Mujeres,Todas las edades,rural,0.3333333333333333
COL,Plaza del Valle,2022,Mujeres,10-14,rural,0.6666666666666666
COL,Plaza del Valle,2022,Mujeres,15-19,rural,0.7
COL,Plaza del Valle,2022,Mujeres,20-34,rural,0.5833333333333334
COL,Plaza del Valle,2022,Mujeres,35-49,rural,0.5
COL,Plaza del Valle,2022,Mujeres,Todas las edades,rural,0.5945945945945946
COL,Plaza del Valle,2023,Mujeres,10-14,rural,0.3333333333333333
COL,Plaza del Valle,2023,Mujeres,15-19,rural,0.625
COL,Plaza del Valle,2023,Mujeres,20-34,rural,0.6333333333333333
COL,Plaza del Valle,2023,Mujeres,35-49,rural,0.6666666666666666
COL,Plaza del Valle,2023,Mujeres,Todas las edades,rural,0.6
COL,Plaza del Valle,2024,Mujeres,10-14,rural,0.3333333333333333
COL,Plaza del Valle,2024,Mujeres,15-19,rural,0.6666666666666666
COL,Plaza del Valle,2024,Mujeres,20-34,rural,0.6666666666666666
COL,Plaza del Valle,2024,Mujeres,35-49,rural,0.6428571428571429
COL,Plaza del Valle,2024,Mujeres,Todas las edades,rural,0.6415094339622641
COL,Plaza del Valle,2025,Mujeres,10-14,rural,0.3333333333333333
COL,Plaza del Valle,2025,Mujeres,15-19,rural,0.5714285714285714
COL,Plaza del Valle,2025,Mujeres,20-34,rural,0.6666666666666666
COL,Plaza del Valle,2025,Mujeres,35-49,rural,0.625
COL,Plaza del Valle,2025,Mujeres,Todas las edades,rural,0.6111111111111112
COL,San Isidro,2016,Mujeres,10-14,rural,NA
COL,San Isidro,2016,Mujeres,15-19,rural,NA
COL,San Isidro,2016,Mujeres,20-34,rural,NA
COL,San Isidro,2016,Mujeres,35-49,rural,NA
COL,San Isidro,2016,Mujeres,Todas las edades,rural,NA
COL,San Isidro,2017,Mujeres,10-14,rural,NA
COL,San Isidro,2017,Mujeres,15-19,rural,NA
COL,San Isidro,2017,Mujeres,20-34,rural,NA
COL,San Isidro,2017,Mujeres,35-49,rural,NA
COL,San Isidro,2017,Mujeres,Todas las edades,rural,NA
COL,San Isidro,2018,Mujeres,10-14,rural,NA
COL,San Isidro,2018,Mujeres,15-19,rural,NA
COL,San Isidro,2018,Mujeres,20-34,rural,NA
COL,San Isidro,2018,Mujeres,35-49,rural,NA
COL,San Isidro,2018,Mujeres,Todas las edades,rural,NA
COL,San Isidro,2019,Mujeres,10-14,rural,NA
COL,San Isidro,2019,Mujeres,15-19,rural,NA
COL,San Isidro,2019,Mujeres,20-34,rural,NA
COL,San Isidro,2019,Mujeres,35-49,rural,NA
COL,San Isidro,2019,Mujeres,Todas las edades,rural,NA
COL,San Isidro,2020,Mujeres,10-14,rural,0.2
COL,San Isidro,2020,Mujeres,15-19,rural,0.2727272727272727
COL,San Isidro,2020,Mujeres,20-34,rural,0.19047619047619047
COL,San Isidro,2020,Mujeres,35-49,rural,0.42857142857142855
COL,San Isidro,2020,Mujeres,Todas las edades,rural,0.25
COL,San Isidro,2021,Mujeres,10-14,rural,0
COL,San Isidro,2021,Mujeres,15-19,rural,0.38461538461538464
COL,San Isidro,2021,Mujeres,20-34,rural,0.3142857142857143
COL,San Isidro,2021,Mujeres,35-49,rural,0.26666666666666666
COL,San Isidro,2021,Mujeres,Todas las edades,rural,0.2898550724637681
COL,San Isidro,2022,Mujeres,10-14,rural,0.6666666666666666
COL,San Isidro,2022,Mujeres,15-19,rural,0.6666666666666666
COL,San Isidro,2022,Mujeres,20-34,rural,0.35714285714285715
COL,San Isidro,2022,Mujeres,35-49,rural,0.4
COL,San Isidro,2022,Mujeres,Todas las edades,rural,0.48717948717948717
COL,San Isidro,2023,Mujeres,10-14,rural,0.25
COL,San Isidro,2023,Mujeres,15-19,rural,0.8333333333333334
COL,San Isidro,2023,Mujeres,20-34,rural,0.5806451612903226
COL,San Isidro,2023,Mujeres,35-49,rural,0.6666666666666666
COL,San Isidro,2023,Mujeres,Todas las edades,rural,0.6271186440677966
COL,San Isidro,2024,Mujeres,10-14,rural,0.5
COL,San Isidro,2024,Mujeres,15-19,rural,0.5714285714285714
COL,San Isidro,2024,Mujeres,20-34,rural,0.6666666666666666
COL,San Isidro,2024,Mujeres,35-49,rural,0.875
COL,San Isidro,2024,Mujeres,Todas las edades,rural,0.6923076923076923
COL,San Isidro,2025,Mujeres,10-14,rural,1
COL,San Isidro,2025,Mujeres,15-19,rural,0.6
COL,San Isidro,2025,Mujeres,20-34,rural,0.6896551724137931
COL,San Isidro,2025,Mujeres,35-49,rural,0.75
COL,San Isidro,2025,Mujeres,Todas las edades,rural,0.7045454545454546
COL,San Joaquín,2016,Mujeres,10-14,periurbano,NA
COL,San Joaquín,2016,Mujeres,15-19,periurbano,NA
COL,San Joaquín,2016,Mujeres,20-34,periurbano,NA
COL,San Joaquín,2016,Mujeres,35-49,periurbano,NA
COL,San Joaquín,2016,Mujeres,Todas las edades,periurbano,NA
COL,San Joaquín,2017,Mujeres,10-14,periurbano,NA
COL,San Joaquín,2017,Mujeres,15-19,periurbano,NA
COL,San Joaquín,2017,Mujeres,20-34,periurbano,NA
COL,San Joaquín,2017,Mujeres,35-49,periurbano,NA
COL,San Joaquín,2017,Mujeres,Todas las edades,periurbano,NA
COL,San Joaquín,2018,Mujeres,10-14,periurbano,NA
COL,San Joaquín,2018,Mujeres,15-19,periurbano,NA
COL,San Joaquín,2018,Mujeres,20-34,periurbano,NA
COL,San Joaquín,2018,Mujeres,35-49,periurbano,NA
COL,San Joaquín,2018,Mujeres,Todas las edades,periurbano,NA
COL,San Joaquín,2019,Mujeres,10-14,periurbano,NA
COL,San Joaquín,2019,Mujeres,15-19,periurbano,NA
COL,San Joaquín,2019,Mujeres,20-34,periurbano,NA
COL,San Joaquín,2019,Mujeres,35-49,periurbano,NA
COL,San Joaquín,2019,Mujeres,Todas las edades,periurbano,NA
COL,San Joaquín,2020,Mujeres,10-14,periurbano,0
COL,San Joaquín,2020,Mujeres,15-19,periurbano,0.07142857142857142
COL,San Joaquín,2020,Mujeres,20-34,periurbano,0.18181818181818182
COL,San Joaquín,2020,Mujeres,35-49,periurbano,0.14285714285714285
COL,San Joaquín,2020,Mujeres,Todas las edades,periurbano,0.140625
COL,San Joaquín,2021,Mujeres,10-14,periurbano,0.42857142857142855
COL,San Joaquín,2021,Mujeres,15-19,periurbano,0.5
COL,San Joaquín,2021,Mujeres,20-34,periurbano,0.39655172413793105
COL,San Joaquín,2021,Mujeres,35-49,periurbano,0.38095238095238093
COL,San Joaquín,2021,Mujeres,Todas las edades,periurbano,0.41
COL,San Joaquín,2022,Mujeres,10-14,periurbano,0.6
COL,San Joaquín,2022,Mujeres,15-19,periurbano,0.25
COL,San Joaquín,2022,Mujeres,20-34,periurbano,0.425
COL,San Joaquín,2022,Mujeres,35-49,periurbano,0.25
COL,San Joaquín,2022,Mujeres,Todas las edades,periurbano,0.36363636363636365
COL,San Joaquín,2023,Mujeres,10-14,periurbano,0.5714285714285714
COL,San Joaquín,2023,Mujeres,15-19,periurbano,0.5
COL,San Joaquín,2023,Mujeres,20-34,periurbano,0.5172413793103449
COL,San Joaquín,2023,Mujeres,35-49,periurbano,0.4444444444444444
COL,San Joaquín,2023,Mujeres,Todas las edades,periurbano,0.5087719298245614
COL,San Joaquín,2024,Mujeres,10-14,periurbano,0.75
COL,San Joaquín,2024,Mujeres,15-19,periurbano,0.625
COL,San Joaquín,2024,Mujeres,20-34,periurbano,0.5681818181818182
COL,San Joaquín,2024,Mujeres,35-49,periurbano,0.5
COL,San Joaquín,2024,Mujeres,Todas las edades,periurbano,0.5694444444444444
COL,San Joaquín,2025,Mujeres,10-14,periurbano,0.8
COL,San Joaquín,2025,Mujeres,15-19,periurbano,0.4444444444444444
COL,San Joaquín,2025,Mujeres,20-34,periurbano,0.765625
COL,San Joaquín,2025,Mujeres,35-49,periurbano,0.5555555555555556
COL,San Joaquín,2025,Mujeres,Todas las edades,periurbano,0.7126436781609196
COL,San Martín del Valle,2016,Mujeres,10-14,Periurbano y rural,NA
COL,San Martín del Valle,2016,Mujeres,15-19,Periurbano y rural,NA
COL,San Martín del Valle,2016,Mujeres,20-34,Periurbano y rural,NA
COL,San Martín del Valle,2016,Mujeres,35-49,Periurbano y rural,NA
COL,San Martín del Valle,2016,Mujeres,Todas las edades,Periurbano y rural,NA
COL,San Martín del Valle,2016,Mujeres,10-14,periurbano,NA
COL,San Martín del Valle,2016,Mujeres,15-19,periurbano,NA
COL,San Martín del Valle,2016,Mujeres,20-34,periurbano,NA
COL,San Martín del Valle,2016,Mujeres,35-49,periurbano,NA
COL,San Martín del Valle,2016,Mujeres,Todas las edades,periurbano,NA
COL,San Martín del Valle,2016,Mujeres,10-14,rural,NA
COL,San Martín del Valle,2016,Mujeres,15-19,rural,NA
COL,San Martín del Valle,2016,Mujeres,20-34,rural,NA
COL,San Martín del Valle,2016,Mujeres,35-49,rural,NA
COL,San Martín del Valle,2016,Mujeres,Todas las edades,rural,NA
COL,San Martín del Valle,2017,Mujeres,10-14,Periurbano y rural,NA
COL,San Martín del Valle,2017,Mujeres,15-19,Periurbano y rural,NA
COL,San Martín del Valle,2017,Mujeres,20-34,Periurbano y rural,NA
COL,San Martín del Valle,2017,Mujeres,35-49,Periurbano y rural,NA
COL,San Martín del Valle,2017,Mujeres,Todas las edades,Periurbano y rural,NA
COL,San Martín del Valle,2017,Mujeres,10-14,periurbano,NA
COL,San Martín del Valle,2017,Mujeres,15-19,periurbano,NA
COL,San Martín del Valle,2017,Mujeres,20-34,periurbano,NA
COL,San Martín del Valle,2017,Mujeres,35-49,periurbano,NA
COL,San Martín del Valle,2017,Mujeres,Todas las edades,periurbano,NA
COL,San Martín del Valle,2017,Mujeres,10-14,rural,NA
COL,San Martín del Valle,2017,Mujeres,15-19,rural,NA
COL,San Martín del Valle,2017,Mujeres,20-34,rural,NA
COL,San Martín del Valle,2017,Mujeres,35-49,rural,NA
COL,San Martín del Valle,2017,Mujeres,Todas las edades,rural,NA
COL,San Martín del Valle,2018,Mujeres,10-14,Periurbano y rural,NA
COL,San Martín del Valle,2018,Mujeres,15-19,Periurbano y rural,NA
COL,San Martín del Valle,2018,Mujeres,20-34,Periurbano y rural,NA
COL,San Martín del Valle,2018,Mujeres,35-49,Periurbano y rural,NA
COL,San Martín del Valle,2018,Mujeres,Todas las edades,Periurbano y rural,NA
COL,San Martín del Valle,2018,Mujeres,10-14,periurbano,NA
COL,San Martín del Valle,2018,Mujeres,15-19,periurbano,NA
COL,San Martín del Valle,2018,Mujeres,20-34,periurbano,NA
COL,San Martín del Valle,2018,Mujeres,35-49,periurbano,NA
COL,San Martín del Valle,2018,Mujeres,Todas las edades,periurbano,NA
COL,San Martín del Valle,2018,Mujeres,10-14,rural,NA
COL,San Martín del Valle,2018,Mujeres,15-19,rural,NA
COL,San Martín del Valle,2018,Mujeres,20-34,rural,NA
COL,San Martín del Valle,2018,Mujeres,35-49,rural,NA
COL,San Martín del Valle,2018,Mujeres,Todas las edades,rural,NA
COL,San Martín del Valle,2019,Mujeres,10-14,Periurbano y rural,NA
COL,San Martín del Valle,2019,Mujeres,15-19,Periurbano y rural,NA
COL,San Martín del Valle,2019,Mujeres,20-34,Periurbano y rural,NA
COL,San Martín del Valle,2019,Mujeres,35-49,Periurbano y rural,NA
COL,San Martín del Valle,2019,Mujeres,Todas las edades,Periurbano y rural,NA
COL,San Martín del Valle,2019,Mujeres,10-14,periurbano,NA
COL,San Martín del Valle,2019,Mujeres,15-19,periurbano,NA
COL,San Martín del Valle,2019,Mujeres,20-34,periurbano,NA
COL,San Martín del Valle,2019,Mujeres,35-49,periurbano,NA
COL,San Martín del Valle,2019,Mujeres,Todas las edades,periurbano,NA
COL,San Martín del Valle,2019,Mujeres,10-14,rural,NA
COL,San Martín del Valle,2019,Mujeres,15-19,rural,NA
COL,San Martín del Valle,2019,Mujeres,20-34,rural,NA
COL,San Martín del Valle,2019,Mujeres,35-49,rural,NA
COL,San Martín del Valle,2019,Mujeres,Todas las edades,rural,NA
COL,San Martín del Valle,2020,Mujeres,10-14,Periurbano y rural,0.232
COL,San Martín del Valle,2020,Mujeres,15-19,Periurbano y rural,0.2631578947368421
COL,San Martín del Valle,2020,Mujeres,20-34,Periurbano y rural,0.2845927379784102
COL,San Martín del Valle,2020,Mujeres,35-49,Periurbano y rural,0.27559055118110237
COL,San Martín del Valle,2020,Mujeres,Todas las edades,Periurbano y rural,0.2754329004329004
COL,San Martín del Valle,2020,Mujeres,10-14,periurbano,0.17647058823529413
COL,San Martín del Valle,2020,Mujeres,15-19,periurbano,0.2742857142857143
COL,San Martín del Valle,2020,Mujeres,20-34,periurbano,0.2631578947368421
COL,San Martín del Valle,2020,Mujeres,35-49,periurbano,0.21428571428571427
COL,San Martín del Valle,2020,Mujeres,Todas las edades,periurbano,0.24922760041194644
COL,San Martín del Valle,2020,Mujeres,10-14,rural,0.2982456140350877
COL,San Martín del Valle,2020,Mujeres,15-19,rural,0.25
COL,San Martín del Valle,2020,Mujeres,20-34,rural,0.3080082135523614
COL,San Martín del Valle,2020,Mujeres,35-49,rural,0.34054054054054056
COL,San Martín del Valle,2020,Mujeres,Todas las edades,rural,0.30444697833523376
COL,San Martín del Valle,2021,Mujeres,10-14,Periurbano y rural,0.336
COL,San Martín del Valle,2021,Mujeres,15-19,Periurbano y rural,0.3657142857142857
COL,San Martín del Valle,2021,Mujeres,20-34,Periurbano y rural,0.39385206532180594
COL,San Martín del Valle,2021,Mujeres,35-49,Periurbano y rural,0.38795180722891565
COL,San Martín del Valle,2021,Mujeres,Todas las edades,Periurbano y rural,0.38373899533920247
COL,San Martín del Valle,2021,Mujeres,10-14,periurbano,0.3225806451612903
COL,San Martín del Valle,2021,Mujeres,15-19,periurbano,0.3273809523809524
COL,San Martín del Valle,2021,Mujeres,20-34,periurbano,0.37364620938628157
COL,San Martín del Valle,2021,Mujeres,35-49,periurbano,0.3904761904761905
COL,San Martín del Valle,2021,Mujeres,Todas las edades,periurbano,0.36619718309859156
COL,San Martín del Valle,2021,Mujeres,10-14,rural,0.3492063492063492
COL,San Martín del Valle,2021,Mujeres,15-19,rural,0.4010989010989011
COL,San Martín del Valle,2021,Mujeres,20-34,rural,0.41683778234086244
COL,San Martín del Valle,2021,Mujeres,35-49,rural,0.3853658536585366
COL,San Martín del Valle,2021,Mujeres,Todas las edades,rural,0.4023479188900747
COL,San Martín del Valle,2022,Mujeres,10-14,Periurbano y rural,0.44545454545454544
COL,San Martín del Valle,2022,Mujeres,15-19,Periurbano y rural,0.47645429362880887
COL,San Martín del Valle,2022,Mujeres,20-34,Periurbano y rural,0.4564983888292159
COL,San Martín del Valle,2022,Mujeres,35-49,Periurbano y rural,0.4509283819628647
COL,San Martín del Valle,2022,Mujeres,Todas las edades,Periurbano y rural,0.45868465430016864
COL,San Martín del Valle,2022,Mujeres,10-14,periurbano,0.3888888888888889
COL,San Martín del Valle,2022,Mujeres,15-19,periurbano,0.4463276836158192
COL,San Martín del Valle,2022,Mujeres,20-34,periurbano,0.4350282485875706
COL,San Martín del Valle,2022,Mujeres,35-49,periurbano,0.4482758620689655
COL,San Martín del Valle,2022,Mujeres,Todas las edades,periurbano,0.43730569948186526
COL,San Martín del Valle,2022,Mujeres,10-14,rural,0.5
COL,San Martín del Valle,2022,Mujeres,15-19,rural,0.5054347826086957
COL,San Martín del Valle,2022,Mujeres,20-34,rural,0.485
COL,San Martín del Valle,2022,Mujeres,35-49,rural,0.4540229885057471
COL,San Martín del Valle,2022,Mujeres,Todas las edades,rural,0.48402948402948404
COL,San Martín del Valle,2023,Mujeres,10-14,Periurbano y rural,0.4262295081967213
COL,San Martín del Valle,2023,Mujeres,15-19,Periurbano y rural,0.5057142857142857
COL,San Martín del Valle,2023,Mujeres,20-34,Periurbano y rural,0.5393034825870647
COL,San Martín del Valle,2023,Mujeres,35-49,Periurbano y rural,0.5638888888888889
COL,San Martín del Valle,2023,Mujeres,Todas las edades,Periurbano y rural,0.5302123026673925
COL,San Martín del Valle,2023,Mujeres,10-14,periurbano,0.4411764705882353
COL,San Martín del Valle,2023,Mujeres,15-19,periurbano,0.45454545454545453
COL,San Martín del Valle,2023,Mujeres,20-34,periurbano,0.48565965583174
COL,San Martín del Valle,2023,Mujeres,35-49,periurbano,0.5352941176470588
COL,San Martín del Valle,2023,Mujeres,Todas las edades,periurbano,0.4855923159018143
COL,San Martín del Valle,2023,Mujeres,10-14,rural,0.4074074074074074
COL,San Martín del Valle,2023,Mujeres,15-19,rural,0.5574712643678161
COL,San Martín del Valle,2023,Mujeres,20-34,rural,0.5975103734439834
COL,San Martín del Valle,2023,Mujeres,35-49,rural,0.5894736842105263
COL,San Martín del Valle,2023,Mujeres,Todas las edades,rural,0.5766666666666667
COL,San Martín del Valle,2024,Mujeres,10-14,Periurbano y rural,0.6097560975609756
COL,San Martín del Valle,2024,Mujeres,15-19,Periurbano y rural,0.5607734806629834
COL,San Martín del Valle,2024,Mujeres,20-34,Periurbano y rural,0.6258847320525783
COL,San Martín del Valle,2024,Mujeres,35-49,Periurbano y rural,0.5936739659367397
COL,San Martín del Valle,2024,Mujeres,Todas las edades,Periurbano y rural,0.6053050397877984
COL,San Martín del Valle,2024,Mujeres,10-14,periurbano,0.6060606060606061
COL,San Martín del Valle,2024,Mujeres,15-19,periurbano,0.532258064516129
COL,San Martín del Valle,2024,Mujeres,20-34,periurbano,0.6124314442413162
COL,San Martín del Valle,2024,Mujeres,35-49,periurbano,0.6167400881057269
COL,San Martín del Valle,2024,Mujeres,Todas las edades,periurbano,0.5984405458089669
COL,San Martín del Valle,2024,Mujeres,10-14,rural,0.6140350877192983
COL,San Martín del Valle,2024,Mujeres,15-19,rural,0.5909090909090909
COL,San Martín del Valle,2024,Mujeres,20-34,rural,0.6425339366515838
COL,San Martín del Valle,2024,Mujeres,35-49,rural,0.5652173913043478
COL,San Martín del Valle,2024,Mujeres,Todas las edades,rural,0.6135040745052387
COL,San Martín del Valle,2025,Mujeres,10-14,Periurbano y rural,0.6637931034482759
COL,San Martín del Valle,2025,Mujeres,15-19,Periurbano y rural,0.6402439024390244
COL,San Martín del Valle,2025,Mujeres,20-34,Periurbano y rural,0.6522148916116871
COL,San Martín del Valle,2025,Mujeres,35-49,Periurbano y rural,0.6577540106951871
COL,San Martín del Valle,2025,Mujeres,Todas las edades,Periurbano y rural,0.651942522618414
COL,San Martín del Valle,2025,Mujeres,10-14,periurbano,0.6451612903225806
COL,San Martín del Valle,2025,Mujeres,15-19,periurbano,0.5882352941176471
COL,San Martín del Valle,2025,Mujeres,20-34,periurbano,0.6416382252559727
COL,San Martín del Valle,2025,Mujeres,35-49,periurbano,0.6461538461538462
COL,San Martín del Valle,2025,Mujeres,Todas las edades,periurbano,0.633761105626851
COL,San Martín del Valle,2025,Mujeres,10-14,rural,0.6851851851851852
COL,San Martín del Valle,2025,Mujeres,15-19,rural,0.6962025316455697
COL,San Martín del Valle,2025,Mujeres,20-34,rural,0.6652631578947369
COL,San Martín del Valle,2025,Mujeres,35-49,rural,0.6703910614525139
COL,San Martín del Valle,2025,Mujeres,Todas las edades,rural,0.6732101616628176
COL,Santa Ana,2016,Mujeres,10-14,rural,NA
COL,Santa Ana,2016,Mujeres,15-19,rural,NA
COL,Santa Ana,2016,Mujeres,20-34,rural,NA
COL,Santa Ana,2016,Mujeres,35-49,rural,NA
COL,Santa Ana,2016,Mujeres,Todas las edades,rural,NA
COL,Santa Ana,2017,Mujeres,10-14,rural,NA
COL,Santa Ana,2017,Mujeres,15-19,rural,NA
COL,Santa Ana,2017,Mujeres,20-34,rural,NA
COL,Santa Ana,2017,Mujeres,35-49,rural,NA
COL,Santa Ana,2017,Mujeres,Todas las edades,rural,NA
COL,Santa Ana,2018,Mujeres,10-14,rural,NA
COL,Santa Ana,2018,Mujeres,15-19,rural,NA
COL,Santa Ana,2018,Mujeres,20-34,rural,NA
COL,Santa Ana,2018,Mujeres,35-49,rural,NA
COL,Santa Ana,2018,Mujeres,Todas las edades,rural,NA
COL,Santa Ana,2019,Mujeres,10-14,rural,NA
COL,Santa Ana,2019,Mujeres,15-19,rural,NA
COL,Santa Ana,2019,Mujeres,20-34,rural,NA
COL,Santa Ana,2019,Mujeres,35-49,rural,NA
COL,Santa Ana,2019,Mujeres,Todas las edades,rural,NA
COL,Santa Ana,2020,Mujeres,10-14,rural,1
COL,Santa Ana,2020,Mujeres,15-19,rural,0.4
COL,Santa Ana,2020,Mujeres,20-34,rural,0.35714285714285715
COL,Santa Ana,2020,Mujeres,35-49,rural,0.375
COL,Santa Ana,2020,Mujeres,Todas las edades,rural,0.375
COL,Santa Ana,2021,Mujeres,10-14,rural,0.2
COL,Santa Ana,2021,Mujeres,15-19,rural,0.5
COL,Santa Ana,2021,Mujeres,20-34,rural,0.3953488372093023
COL,Santa Ana,2021,Mujeres,35-49,rural,0.5454545454545454
COL,Santa Ana,2021,Mujeres,Todas las edades,rural,0.4153846153846154
COL,Santa Ana,2022,Mujeres,10-14,rural,0
COL,Santa Ana,2022,Mujeres,15-19,rural,0.6428571428571429
COL,Santa Ana,2022,Mujeres,20-34,rural,0.375
COL,Santa Ana,2022,Mujeres,35-49,rural,0.7142857142857143
COL,Santa Ana,2022,Mujeres,Todas las edades,rural,0.5128205128205128
COL,Santa Ana,2023,Mujeres,10-14,rural,0.5
COL,Santa Ana,2023,Mujeres,15-19,rural,0.5384615384615384
COL,Santa Ana,2023,Mujeres,20-34,rural,0.6829268292682927
COL,Santa Ana,2023,Mujeres,35-49,rural,0.5714285714285714
COL,Santa Ana,2023,Mujeres,Todas las edades,rural,0.6349206349206349
COL,Santa Ana,2024,Mujeres,10-14,rural,0.3333333333333333
COL,Santa Ana,2024,Mujeres,15-19,rural,0.42857142857142855
COL,Santa Ana,2024,Mujeres,20-34,rural,0.5
COL,Santa Ana,2024,Mujeres,35-49,rural,0.8
COL,Santa Ana,2024,Mujeres,Todas las edades,rural,0.5106382978723404
COL,Santa Ana,2025,Mujeres,10-14,rural,0.5
COL,Santa Ana,2025,Mujeres,15-19,rural,0.6923076923076923
COL,Santa Ana,2025,Mujeres,20-34,rural,0.6666666666666666
COL,Santa Ana,2025,Mujeres,35-49,rural,0.8
COL,Santa Ana,2025,Mujeres,Todas las edades,rural,0.6779661016949152
COL,Santa Elena,2016,Mujeres,10-14,periurbano,NA
COL,Santa Elena,2016,Mujeres,15-19,periurbano,NA
COL,Santa Elena,2016,Mujeres,20-34,periurbano,NA
COL,Santa Elena,2016,Mujeres,35-49,periurbano,NA
COL,Santa Elena,2016,Mujeres,Todas las edades,periurbano,NA
COL,Santa Elena,2017,Mujeres,10-14,periurbano,NA
COL,Santa Elena,2017,Mujeres,15-19,periurbano,NA
COL,Santa Elena,2017,Mujeres,20-34,periurbano,NA
COL,Santa Elena,2017,Mujeres,35-49,periurbano,NA
COL,Santa Elena,2017,Mujeres,Todas las edades,periurbano,NA
COL,Santa Elena,2018,Mujeres,10-14,periurbano,NA
COL,Santa Elena,2018,Mujeres,15-19,periurbano,NA
COL,Santa Elena,2018,Mujeres,20-34,periurbano,NA
COL,Santa Elena,2018,Mujeres,35-49,periurbano,NA
COL,Santa Elena,2018,Mujeres,Todas las edades,periurbano,NA
COL,Santa Elena,2019,Mujeres,10-14,periurbano,NA
COL,Santa Elena,2019,Mujeres,15-19,periurbano,NA
COL,Santa Elena,2019,Mujeres,20-34,periurbano,NA
COL,Santa Elena,2019,Mujeres,35-49,periurbano,NA
COL,Santa Elena,2019,Mujeres,Todas las edades,periurbano,NA
COL,Santa Elena,2020,Mujeres,10-14,periurbano,0.2857142857142857
COL,Santa Elena,2020,Mujeres,15-19,periurbano,0.1111111111111111
COL,Santa Elena,2020,Mujeres,20-34,periurbano,0.28125
COL,Santa Elena,2020,Mujeres,35-49,periurbano,0.13636363636363635
COL,Santa Elena,2020,Mujeres,Todas las edades,periurbano,0.23529411764705882
COL,Santa Elena,2021,Mujeres,10-14,periurbano,0.16666666666666666
COL,Santa Elena,2021,Mujeres,15-19,periurbano,0.3333333333333333
COL,Santa Elena,2021,Mujeres,20-34,periurbano,0.375
COL,Santa Elena,2021,Mujeres,35-49,periurbano,0.375
COL,Santa Elena,2021,Mujeres,Todas las edades,periurbano,0.3484848484848485
COL,Santa Elena,2022,Mujeres,10-14,periurbano,0.5
COL,Santa Elena,2022,Mujeres,15-19,periurbano,0.5833333333333334
COL,Santa Elena,2022,Mujeres,20-34,periurbano,0.48148148148148145
COL,Santa Elena,2022,Mujeres,35-49,periurbano,0.2631578947368421
COL,Santa Elena,2022,Mujeres,Todas las edades,periurbano,0.43548387096774194
COL,Santa Elena,2023,Mujeres,10-14,periurbano,0
COL,Santa Elena,2023,Mujeres,15-19,periurbano,0.6153846153846154
COL,Santa Elena,2023,Mujeres,20-34,periurbano,0.43859649122807015
COL,Santa Elena,2023,Mujeres,35-49,periurbano,0.47368421052631576
COL,Santa Elena,2023,Mujeres,Todas las edades,periurbano,0.45161290322580644
COL,Santa Elena,2024,Mujeres,10-14,periurbano,0.5
COL,Santa Elena,2024,Mujeres,15-19,periurbano,0.6111111111111112
COL,Santa Elena,2024,Mujeres,20-34,periurbano,0.5454545454545454
COL,Santa Elena,2024,Mujeres,35-49,periurbano,0.631578947368421
COL,Santa Elena,2024,Mujeres,Todas las edades,periurbano,0.5789473684210527
COL,Santa Elena,2025,Mujeres,10-14,periurbano,0.6
COL,Santa Elena,2025,Mujeres,15-19,periurbano,0.5833333333333334
COL,Santa Elena,2025,Mujeres,20-34,periurbano,0.6857142857142857
COL,Santa Elena,2025,Mujeres,35-49,periurbano,0.7777777777777778
COL,Santa Elena,2025,Mujeres,Todas las edades,periurbano,0.6721311475409836
COL,Santa Lucía,2016,Mujeres,10-14,rural,NA
COL,Santa Lucía,2016,Mujeres,15-19,rural,NA
COL,Santa Lucía,2016,Mujeres,20-34,rural,NA
COL,Santa Lucía,2016,Mujeres,35-49,rural,NA
COL,Santa Lucía,2016,Mujeres,Todas las edades,rural,NA
COL,Santa Lucía,2017,Mujeres,10-14,rural,NA
COL,Santa Lucía,2017,Mujeres,15-19,rural,NA
COL,Santa Lucía,2017,Mujeres,20-34,rural,NA
COL,Santa Lucía,2017,Mujeres,35-49,rural,NA
COL,Santa Lucía,2017,Mujeres,Todas las edades,rural,NA
COL,Santa Lucía,2018,Mujeres,10-14,rural,NA
COL,Santa Lucía,2018,Mujeres,15-19,rural,NA
COL,Santa Lucía,2018,Mujeres,20-34,rural,NA
COL,Santa Lucía,2018,Mujeres,35-49,rural,NA
COL,Santa Lucía,2018,Mujeres,Todas las edades,rural,NA
COL,Santa Lucía,2019,Mujeres,10-14,rural,NA
COL,Santa Lucía,2019,Mujeres,15-19,rural,NA
COL,Santa Lucía,2019,Mujeres,20-34,rural,NA
COL,Santa Lucía,2019,Mujeres,35-49,rural,NA
COL,Santa Lucía,2019,Mujeres,Todas las edades,rural,NA
COL,Santa Lucía,2020,Mujeres,10-14,rural,0.3333333333333333
COL,Santa Lucía,2020,Mujeres,15-19,rural,0.21428571428571427
COL,Santa Lucía,2020,Mujeres,20-34,rural,0.29545454545454547
COL,Santa Lucía,2020,Mujeres,35-49,rural,0
COL,Santa Lucía,2020,Mujeres,Todas las edades,rural,0.25
COL,Santa Lucía,2021,Mujeres,10-14,rural,0.75
COL,Santa Lucía,2021,Mujeres,15-19,rural,0.35714285714285715
COL,Santa Lucía,2021,Mujeres,20-34,rural,0.48
COL,Santa Lucía,2021,Mujeres,35-49,rural,0.2
COL,Santa Lucía,2021,Mujeres,Todas las edades,rural,0.41509433962264153
COL,Santa Lucía,2022,Mujeres,10-14,rural,0
COL,Santa Lucía,2022,Mujeres,15-19,rural,0.4
COL,Santa Lucía,2022,Mujeres,20-34,rural,0.5
COL,Santa Lucía,2022,Mujeres,35-49,rural,0.5
COL,Santa Lucía,2022,Mujeres,Todas las edades,rural,0.4473684210526316
COL,Santa Lucía,2023,Mujeres,10-14,rural,0.5
COL,Santa Lucía,2023,Mujeres,15-19,rural,0.4
COL,Santa Lucía,2023,Mujeres,20-34,rural,0.4594594594594595
COL,Santa Lucía,2023,Mujeres,35-49,rural,0.6111111111111112
COL,Santa Lucía,2023,Mujeres,Todas las edades,rural,0.5
COL,Santa Lucía,2024,Mujeres,10-14,rural,0.6
COL,Santa Lucía,2024,Mujeres,15-19,rural,0.46153846153846156
COL,Santa Lucía,2024,Mujeres,20-34,rural,0.65
COL,Santa Lucía,2024,Mujeres,35-49,rural,0.4166666666666667
COL,Santa Lucía,2024,Mujeres,Todas las edades,rural,0.5714285714285714
COL,Santa Lucía,2025,Mujeres,10-14,rural,0.5
COL,Santa Lucía,2025,Mujeres,15-19,rural,0.6363636363636364
COL,Santa Lucía,2025,Mujeres,20-34,rural,0.6875
COL,Santa Lucía,2025,Mujeres,35-49,rural,0.5555555555555556
COL,Santa Lucía,2025,Mujeres,Todas las edades,rural,0.625
COL,Santa Rosa,2016,Mujeres,10-14,periurbano,NA
COL,Santa Rosa,2016,Mujeres,15-19,periurbano,NA
COL,Santa Rosa,2016,Mujeres,20-34,periurbano,NA
COL,Santa Rosa,2016,Mujeres,35-49,periurbano,NA
COL,Santa Rosa,2016,Mujeres,Todas las edades,periurbano,NA
COL,Santa Rosa,2017,Mujeres,10-14,periurbano,NA
COL,Santa Rosa,2017,Mujeres,15-19,periurbano,NA
COL,Santa Rosa,2017,Mujeres,20-34,periurbano,NA
COL,Santa Rosa,2017,Mujeres,35-49,periurbano,NA
COL,Santa Rosa,2017,Mujeres,Todas las edades,periurbano,NA
COL,Santa Rosa,2018,Mujeres,10-14,periurbano,NA
COL,Santa Rosa,2018,Mujeres,15-19,periurbano,NA
COL,Santa Rosa,2018,Mujeres,20-34,periurbano,NA
COL,Santa Rosa,2018,Mujeres,35-49,periurbano,NA
COL,Santa Rosa,2018,Mujeres,Todas las edades,periurbano,NA
COL,Santa Rosa,2019,Mujeres,10-14,periurbano,NA
COL,Santa Rosa,2019,Mujeres,15-19,periurbano,NA
COL,Santa Rosa,2019,Mujeres,20-34,periurbano,NA
COL,Santa Rosa,2019,Mujeres,35-49,periurbano,NA
COL,Santa Rosa,2019,Mujeres,Todas las edades,periurbano,NA
COL,Santa Rosa,2020,Mujeres,10-14,periurbano,0.4
COL,Santa Rosa,2020,Mujeres,15-19,periurbano,0.18181818181818182
COL,Santa Rosa,2020,Mujeres,20-34,periurbano,0.21666666666666667
COL,Santa Rosa,2020,Mujeres,35-49,periurbano,0.0625
COL,Santa Rosa,2020,Mujeres,Todas las edades,periurbano,0.1956521739130435
COL,Santa Rosa,2021,Mujeres,10-14,periurbano,0
COL,Santa Rosa,2021,Mujeres,15-19,periurbano,0.36363636363636365
COL,Santa Rosa,2021,Mujeres,20-34,periurbano,0.3902439024390244
COL,Santa Rosa,2021,Mujeres,35-49,periurbano,0.42105263157894735
COL,Santa Rosa,2021,Mujeres,Todas las edades,periurbano,0.3783783783783784
COL,Santa Rosa,2022,Mujeres,10-14,periurbano,0.6666666666666666
COL,Santa Rosa,2022,Mujeres,15-19,periurbano,0.6153846153846154
COL,Santa Rosa,2022,Mujeres,20-34,periurbano,0.4634146341463415
COL,Santa Rosa,2022,Mujeres,35-49,periurbano,0.7
COL,Santa Rosa,2022,Mujeres,Todas las edades,periurbano,0.5584415584415584
COL,Santa Rosa,2023,Mujeres,10-14,periurbano,0.25
COL,Santa Rosa,2023,Mujeres,15-19,periurbano,0.3333333333333333
COL,Santa Rosa,2023,Mujeres,20-34,periurbano,0.4426229508196721
COL,Santa Rosa,2023,Mujeres,35-49,periurbano,0.5333333333333333
COL,Santa Rosa,2023,Mujeres,Todas las edades,periurbano,0.43820224719101125
COL,Santa Rosa,2024,Mujeres,10-14,periurbano,0.5
COL,Santa Rosa,2024,Mujeres,15-19,periurbano,0.42857142857142855
COL,Santa Rosa,2024,Mujeres,20-34,periurbano,0.6538461538461539
COL,Santa Rosa,2024,Mujeres,35-49,periurbano,0.4444444444444444
COL,Santa Rosa,2024,Mujeres,Todas las edades,periurbano,0.5471698113207547
COL,Santa Rosa,2025,Mujeres,10-14,periurbano,0.7142857142857143
COL,Santa Rosa,2025,Mujeres,15-19,periurbano,0.75
COL,Santa Rosa,2025,Mujeres,20-34,periurbano,0.7049180327868853
COL,Santa Rosa,2025,Mujeres,35-49,periurbano,0.6190476190476191
COL,Santa Rosa,2025,Mujeres,Todas las edades,periurbano,0.6952380952380952
COL,Villa Esperanza,2016,Mujeres,10-14,rural,NA
COL,Villa Esperanza,2016,Mujeres,15-19,rural,NA
COL,Villa Esperanza,2016,Mujeres,20-34,rural,NA
COL,Villa Esperanza,2016,Mujeres,35-49,rural,NA
COL,Villa Esperanza,2016,Mujeres,Todas las edades,rural,NA
COL,Villa Esperanza,2017,Mujeres,10-14,rural,NA
COL,Villa Esperanza,2017,Mujeres,15-19,rural,NA
COL,Villa Esperanza,2017,Mujeres,20-34,rural,NA
COL,Villa Esperanza,2017,Mujeres,35-49,rural,NA
COL,Villa Esperanza,2017,Mujeres,Todas las edades,rural,NA
COL,Villa Esperanza,2018,Mujeres,10-14,rural,NA
COL,Villa Esperanza,2018,Mujeres,15-19,rural,NA
COL,Villa Esperanza,2018,Mujeres,20-34,rural,NA
COL,Villa Esperanza,2018,Mujeres,35-49,rural,NA
COL,Villa Esperanza,2018,Mujeres,Todas las edades,rural,NA
COL,Villa Esperanza,2019,Mujeres,10-14,rural,NA
COL,Villa Esperanza,2019,Mujeres,15-19,rural,NA
COL,Villa Esperanza,2019,Mujeres,20-34,rural,NA
COL,Villa Esperanza,2019,Mujeres,35-49,rural,NA
COL,Villa Esperanza,2019,Mujeres,Todas las edades,rural,NA
COL,Villa Esperanza,2020,Mujeres,10-14,rural,0
COL,Villa Esperanza,2020,Mujeres,15-19,rural,0.6
COL,Villa Esperanza,2020,Mujeres,20-34,rural,0.3548387096774194
COL,Villa Esperanza,2020,Mujeres,35-49,rural,0.35714285714285715
COL,Villa Esperanza,2020,Mujeres,Todas las edades,rural,0.37254901960784315
COL,Villa Esperanza,2021,Mujeres,10-14,rural,0.25
COL,Villa Esperanza,2021,Mujeres,15-19,rural,0.5
COL,Villa Esperanza,2021,Mujeres,20-34,rural,0.47368421052631576
COL,Villa Esperanza,2021,Mujeres,35-49,rural,0.4117647058823529
COL,Villa Esperanza,2021,Mujeres,Todas las edades,rural,0.4444444444444444
COL,Villa Esperanza,2022,Mujeres,10-14,rural,0.3333333333333333
COL,Villa Esperanza,2022,Mujeres,15-19,rural,0.375
COL,Villa Esperanza,2022,Mujeres,20-34,rural,0.5
COL,Villa Esperanza,2022,Mujeres,35-49,rural,0.3333333333333333
COL,Villa Esperanza,2022,Mujeres,Todas las edades,rural,0.41025641025641024
COL,Villa Esperanza,2023,Mujeres,10-14,rural,1
COL,Villa Esperanza,2023,Mujeres,15-19,rural,0.3076923076923077
COL,Villa Esperanza,2023,Mujeres,20-34,rural,0.5
COL,Villa Esperanza,2023,Mujeres,35-49,rural,0.7647058823529411
COL,Villa Esperanza,2023,Mujeres,Todas las edades,rural,0.543859649122807
COL,Villa Esperanza,2024,Mujeres,10-14,rural,0.8
COL,Villa Esperanza,2024,Mujeres,15-19,rural,0.3333333333333333
COL,Villa Esperanza,2024,Mujeres,20-34,rural,0.65625
COL,Villa Esperanza,2024,Mujeres,35-49,rural,0.45454545454545453
COL,Villa Esperanza,2024,Mujeres,Todas las edades,rural,0.5925925925925926
COL,Villa Esperanza,2025,Mujeres,10-14,rural,0
COL,Villa Esperanza,2025,Mujeres,15-19,rural,0.46153846153846156
COL,Villa Esperanza,2025,Mujeres,20-34,rural,0.7272727272727273
COL,Villa Esperanza,2025,Mujeres,35-49,rural,0.6666666666666666
COL,Villa Esperanza,2025,Mujeres,Todas las edades,rural,0.6567164179104478
COL,Villa Norte,2016,Mujeres,10-14,periurbano,NA
COL,Villa Norte,2016,Mujeres,15-19,periurbano,NA
COL,Villa Norte,2016,Mujeres,20-34,periurbano,NA
COL,Villa Norte,2016,Mujeres,35-49,periurbano,NA
COL,Villa Norte,2016,Mujeres,Todas las edades,periurbano,NA
COL,Villa Norte,2017,Mujeres,10-14,periurbano,NA
COL,Villa Norte,2017,Mujeres,15-19,periurbano,NA
COL,Villa Norte,2017,Mujeres,20-34,periurbano,NA
COL,Villa Norte,2017,Mujeres,35-49,periurbano,NA
COL,Villa Norte,2017,Mujeres,Todas las edades,periurbano,NA
COL,Villa Norte,2018,Mujeres,10-14,periurbano,NA
COL,Villa Norte,2018,Mujeres,15-19,periurbano,NA
COL,Villa Norte,2018,Mujeres,20-34,periurbano,NA
COL,Villa Norte,2018,Mujeres,35-49,periurbano,NA
COL,Villa Norte,2018,Mujeres,Todas las edades,periurbano,NA
COL,Villa Norte,2019,Mujeres,10-14,periurbano,NA
COL,Villa Norte,2019,Mujeres,15-19,periurbano,NA
COL,Villa Norte,2019,Mujeres,20-34,periurbano,NA
COL,Villa Norte,2019,Mujeres,35-49,periurbano,NA
COL,Villa Norte,2019,Mujeres,Todas las edades,periurbano,NA
COL,Villa Norte,2020,Mujeres,10-14,periurbano,0.25
COL,Villa Norte,2020,Mujeres,15-19,periurbano,0.3333333333333333
COL,Villa Norte,2020,Mujeres,20-34,periurbano,0.3076923076923077
COL,Villa Norte,2020,Mujeres,35-49,periurbano,0.21428571428571427
COL,Villa Norte,2020,Mujeres,Todas las edades,periurbano,0.29591836734693877
COL,Villa Norte,2021,Mujeres,10-14,periurbano,0
COL,Villa Norte,2021,Mujeres,15-19,periurbano,0.35294117647058826
COL,Villa Norte,2021,Mujeres,20-34,periurbano,0.4
COL,Villa Norte,2021,Mujeres,35-49,periurbano,0.5
COL,Villa Norte,2021,Mujeres,Todas las edades,periurbano,0.38961038961038963
COL,Villa Norte,2022,Mujeres,10-14,periurbano,0.5
COL,Villa Norte,2022,Mujeres,15-19,periurbano,0.5
COL,Villa Norte,2022,Mujeres,20-34,periurbano,0.48
COL,Villa Norte,2022,Mujeres,35-49,periurbano,0.5
COL,Villa Norte,2022,Mujeres,Todas las edades,periurbano,0.49056603773584906
COL,Villa Norte,2023,Mujeres,10-14,periurbano,0.25
COL,Villa Norte,2023,Mujeres,15-19,periurbano,0.5882352941176471
COL,Villa Norte,2023,Mujeres,20-34,periurbano,0.5714285714285714
COL,Villa Norte,2023,Mujeres,35-49,periurbano,0.6
COL,Villa Norte,2023,Mujeres,Todas las edades,periurbano,0.5606060606060606
COL,Villa Norte,2024,Mujeres,10-14,periurbano,0.7142857142857143
COL,Villa Norte,2024,Mujeres,15-19,periurbano,0.5
COL,Villa Norte,2024,Mujeres,20-34,periurbano,0.6904761904761905
COL,Villa Norte,2024,Mujeres,35-49,periurbano,0.625
COL,Villa Norte,2024,Mujeres,Todas las edades,periurbano,0.6385542168674698
COL,Villa Norte,2025,Mujeres,10-14,periurbano,0.5
COL,Villa Norte,2025,Mujeres,15-19,periurbano,0.5625
COL,Villa Norte,2025,Mujeres,20-34,periurbano,0.631578947368421
COL,Villa Norte,2025,Mujeres,35-49,periurbano,0.8
COL,Villa Norte,2025,Mujeres,Todas las edades,periurbano,0.6285714285714286
COL,Villa Sur,2016,Mujeres,10-14,rural,NA
COL,Villa Sur,2016,Mujeres,15-19,rural,NA
COL,Villa Sur,2016,Mujeres,20-34,rural,NA
COL,Villa Sur,2016,Mujeres,35-49,rural,NA
COL,Villa Sur,2016,Mujeres,Todas las edades,rural,NA
COL,Villa Sur,2017,Mujeres,10-14,rural,NA
COL,Villa Sur,2017,Mujeres,15-19,rural,NA
COL,Villa Sur,2017,Mujeres,20-34,rural,NA
COL,Villa Sur,2017,Mujeres,35-49,rural,NA
COL,Villa Sur,2017,Mujeres,Todas las edades,rural,NA
COL,Villa Sur,2018,Mujeres,10-14,rural,NA
COL,Villa Sur,2018,Mujeres,15-19,rural,NA
COL,Villa Sur,2018,Mujeres,20-34,rural,NA
COL,Villa Sur,2018,Mujeres,35-49,rural,NA
COL,Villa Sur,2018,Mujeres,Todas las edades,rural,NA
COL,Villa Sur,2019,Mujeres,10-14,rural,NA
COL,Villa Sur,2019,Mujeres,15-19,rural,NA
COL,Villa Sur,2019,Mujeres,20-34,rural,NA
COL,Villa Sur,2019,Mujeres,35-49,rural,NA
COL,Villa Sur,2019,Mujeres,Todas las edades,rural,NA
COL,Villa Sur,2020,Mujeres,10-14,rural,0
COL,Villa Sur,2020,Mujeres,15-19,rural,0.4
COL,Villa Sur,2020,Mujeres,20-34,rural,0.39473684210526316
COL,Villa Sur,2020,Mujeres,35-49,rural,0.23529411764705882
COL,Villa Sur,2020,Mujeres,Todas las edades,rural,0.3333333333333333
COL,Villa Sur,2021,Mujeres,10-14,rural,0
COL,Villa Sur,2021,Mujeres,15-19,rural,0.5555555555555556
COL,Villa Sur,2021,Mujeres,20-34,rural,0.3783783783783784
COL,Villa Sur,2021,Mujeres,35-49,rural,0.5
COL,Villa Sur,2021,Mujeres,Todas las edades,rural,0.421875
COL,Villa Sur,2022,Mujeres,10-14,rural,0.6
COL,Villa Sur,2022,Mujeres,15-19,rural,0.5384615384615384
COL,Villa Sur,2022,Mujeres,20-34,rural,0.53125
COL,Villa Sur,2022,Mujeres,35-49,rural,0.46153846153846156
COL,Villa Sur,2022,Mujeres,Todas las edades,rural,0.5238095238095238
COL,Villa Sur,2023,Mujeres,10-14,rural,0
COL,Villa Sur,2023,Mujeres,15-19,rural,0.5384615384615384
COL,Villa Sur,2023,Mujeres,20-34,rural,0.7222222222222222
COL,Villa Sur,2023,Mujeres,35-49,rural,0.5555555555555556
COL,Villa Sur,2023,Mujeres,Todas las edades,rural,0.5660377358490566
COL,Villa Sur,2024,Mujeres,10-14,rural,0
COL,Villa Sur,2024,Mujeres,15-19,rural,0.7857142857142857
COL,Villa Sur,2024,Mujeres,20-34,rural,0.5588235294117647
COL,Villa Sur,2024,Mujeres,35-49,rural,0.26666666666666666
COL,Villa Sur,2024,Mujeres,Todas las edades,rural,0.53125
COL,Villa Sur,2025,Mujeres,10-14,rural,1
COL,Villa Sur,2025,Mujeres,15-19,rural,0.625
COL,Villa Sur,2025,Mujeres,20-34,rural,0.5526315789473685
COL,Villa Sur,2025,Mujeres,35-49,rural,0.6923076923076923
COL,Villa Sur,2025,Mujeres,Todas las edades,rural,0.6129032258064516
COL,Vista Hermosa,2016,Mujeres,10-14,rural,NA
COL,Vista Hermosa,2016,Mujeres,15-19,rural,NA
COL,Vista Hermosa,2016,Mujeres,20-34,rural,NA
COL,Vista Hermosa,2016,Mujeres,35-49,rural,NA
COL,Vista Hermosa,2016,Mujeres,Todas las edades,rural,NA
COL,Vista Hermosa,2017,Mujeres,10-14,rural,NA
COL,Vista Hermosa,2017,Mujeres,15-19,rural,NA
COL,Vista Hermosa,2017,Mujeres,20-34,rural,NA
COL,Vista Hermosa,2017,Mujeres,35-49,rural,NA
COL,Vista Hermosa,2017,Mujeres,Todas las edades,rural,NA
COL,Vista Hermosa,2018,Mujeres,10-14,rural,NA
COL,Vista Hermosa,2018,Mujeres,15-19,rural,NA
COL,Vista Hermosa,2018,Mujeres,20-34,rural,NA
COL,Vista Hermosa,2018,Mujeres,35-49,rural,NA
COL,Vista Hermosa,2018,Mujeres,Todas las edades,rural,NA
COL,Vista Hermosa,2019,Mujeres,10-14,rural,NA
COL,Vista Hermosa,2019,Mujeres,15-19,rural,NA
COL,Vista Hermosa,2019,Mujeres,20-34,rural,NA
COL,Vista Hermosa,2019,Mujeres,35-49,rural,NA
COL,Vista Hermosa,2019,Mujeres,Todas las edades,rural,NA
COL,Vista Hermosa,2020,Mujeres,10-14,rural,0.16666666666666666
COL,Vista Hermosa,2020,Mujeres,15-19,rural,0.2
COL,Vista Hermosa,2020,Mujeres,20-34,rural,0.3333333333333333
COL,Vista Hermosa,2020,Mujeres,35-49,rural,0.25
COL,Vista Hermosa,2020,Mujeres,Todas las edades,rural,0.2857142857142857
COL,Vista Hermosa,2021,Mujeres,10-14,rural,0.5
COL,Vista Hermosa,2021,Mujeres,15-19,rural,0
COL,Vista Hermosa,2021,Mujeres,20-34,rural,0.5
COL,Vista Hermosa,2021,Mujeres,35-49,rural,0.375
COL,Vista Hermosa,2021,Mujeres,Todas las edades,rural,0.4032258064516129
COL,Vista Hermosa,2022,Mujeres,10-14,rural,0
COL,Vista Hermosa,2022,Mujeres,15-19,rural,0.4
COL,Vista Hermosa,2022,Mujeres,20-34,rural,0.5116279069767442
COL,Vista Hermosa,2022,Mujeres,35-49,rural,0.5
COL,Vista Hermosa,2022,Mujeres,Todas las edades,rural,0.4909090909090909
COL,Vista Hermosa,2023,Mujeres,10-14,rural,0.5
COL,Vista Hermosa,2023,Mujeres,15-19,rural,0.3333333333333333
COL,Vista Hermosa,2023,Mujeres,20-34,rural,0.6511627906976745
COL,Vista Hermosa,2023,Mujeres,35-49,rural,0.6666666666666666
COL,Vista Hermosa,2023,Mujeres,Todas las edades,rural,0.5853658536585366
COL,Vista Hermosa,2024,Mujeres,10-14,rural,0
COL,Vista Hermosa,2024,Mujeres,15-19,rural,0.5
COL,Vista Hermosa,2024,Mujeres,20-34,rural,0.6538461538461539
COL,Vista Hermosa,2024,Mujeres,35-49,rural,0.8333333333333334
COL,Vista Hermosa,2024,Mujeres,Todas las edades,rural,0.6410256410256411
COL,Vista Hermosa,2025,Mujeres,10-14,rural,0.4
COL,Vista Hermosa,2025,Mujeres,15-19,rural,0.7142857142857143
COL,Vista Hermosa,2025,Mujeres,20-34,rural,0.7142857142857143
COL,Vista Hermosa,2025,Mujeres,35-49,rural,0.6875
COL,Vista Hermosa,2025,Mujeres,Todas las edades,rural,0.6785714285714286
