iso3,NAME_2,cod_local,anio,sexo,grupo_edad,zona,valor
COL,Altos del Sol,NA,2016,Mujeres,10-14,periurbano,NA
COL,Altos del Sol,NA,2016,Mujeres,15-19,periurbano,NA
COL,Altos del Sol,NA,2016,Mujeres,20-34,periurbano,NA
COL,Altos del Sol,NA,2016,Mujeres,35-49,periurbano,NA
COL,Altos del Sol,NA,2016,Mujeres,Todas las edades,periurbano,NA
COL,Altos del Sol,NA,2017,Mujeres,10-14,periurbano,NA
COL,Altos del Sol,NA,2017,Mujeres,15-19,periurbano,NA
COL,Altos del Sol,NA,2017,Mujeres,20-34,periurbano,NA
COL,Altos del Sol,NA,2017,Mujeres,35-49,periurbano,NA
COL,Altos del Sol,NA,2017,Mujeres,Todas las edades,periurbano,NA
COL,Altos del Sol,NA,2018,Mujeres,10-14,periurbano,0.5
COL,Altos del Sol,NA,2018,Mujeres,15-19,periurbano,0.125
COL,Altos del Sol,NA,2018,Mujeres,20-34,periurbano,0.2545454545454545
COL,Altos del Sol,NA,2018,Mujeres,35-49,periurbano,0.19047619047619047
COL,Altos del Sol,NA,2018,Mujeres,Todas las edades,periurbano,0.23863636363636365
COL,Altos del Sol,NA,2019,Mujeres,10-14,periurbano,0
COL,Altos del Sol,NA,2019,Mujeres,15-19,periurbano,0
COL,Altos del Sol,NA,2019,Mujeres,20-34,periurbano,0.17142857142857143
COL,Altos del Sol,NA,2019,Mujeres,35-49,periurbano,0.5714285714285714
COL,Altos del Sol,NA,2019,Mujeres,Todas las edades,periurbano,0.2727272727272727
COL,Altos del Sol,NA,2020,Mujeres,10-14,periurbano,0.5
COL,Altos del Sol,NA,2020,Mujeres,15-19,periurbano,0.3125
COL,Altos del Sol,NA,2020,Mujeres,20-34,periurbano,0.21951219512195122
COL,Altos del Sol,NA,2020,Mujeres,35-49,periurbano,0.3125
COL,Altos del Sol,NA,2020,Mujeres,Todas las edades,periurbano,0.2727272727272727
COL,Altos del Sol,NA,2021,Mujeres,10-14,periurbano,0.5
COL,Altos del Sol,NA,2021,Mujeres,15-19,periurbano,0.3333333333333333
COL,Altos del Sol,NA,2021,Mujeres,20-34,periurbano,0.3508771929824561
COL,Altos del Sol,NA,2021,Mujeres,35-49,periurbano,0.2727272727272727
COL,Altos del Sol,NA,2021,Mujeres,Todas las edades,periurbano,0.34146341463414637
COL,Altos del Sol,NA,2022,Mujeres,10-14,periurbano,0.5
COL,Altos del Sol,NA,2022,Mujeres,15-19,periurbano,0.25
COL,Altos del Sol,NA,2022,Mujeres,20-34,periurbano,0.5
COL,Altos del Sol,NA,2022,Mujeres,35-49,periurbano,0.36363636363636365
COL,Altos del Sol,NA,2022,Mujeres,Todas las edades,periurbano,0.4166666666666667
COL,Altos del Sol,NA,2023,Mujeres,10-14,periurbano,0.5714285714285714
COL,Altos del Sol,NA,2023,Mujeres,15-19,periurbano,0.5
COL,Altos del Sol,NA,2023,Mujeres,20-34,periurbano,0.41379310344827586
COL,Altos del Sol,NA,2023,Mujeres,35-49,periurbano,0.5294117647058824
COL,Altos del Sol,NA,2023,Mujeres,Todas las edades,periurbano,0.45918367346938777
COL,Altos del Sol,NA,2024,Mujeres,10-14,periurbano,1
COL,Altos del Sol,NA,2024,Mujeres,15-19,periurbano,0.7333333333333333
COL,Altos del Sol,NA,2024,Mujeres,20-34,periurbano,0.4864864864864865
COL,Altos del Sol,NA,2024,Mujeres,35-49,periurbano,0.625
COL,Altos del Sol,NA,2024,Mujeres,Todas las edades,periurbano,0.59375
COL,Altos del Sol,NA,2025,Mujeres,10-14,periurbano,1
COL,Altos del Sol,NA,2025,Mujeres,15-19,periurbano,0.5294117647058824
COL,Altos del Sol,NA,2025,Mujeres,20-34,periurbano,0.5
COL,Altos del Sol,NA,2025,Mujeres,35-49,periurbano,0.5263157894736842
COL,Altos del Sol,NA,2025,Mujeres,Todas las edades,periurbano,0.53125
COL,Bosques del Valle,NA,2016,Mujeres,10-14,periurbano,NA
COL,Bosques del Valle,NA,2016,Mujeres,15-19,periurbano,NA
COL,Bosques del Valle,NA,2016,Mujeres,20-34,periurbano,NA
COL,Bosques del Valle,NA,2016,Mujeres,35-49,periurbano,NA
COL,Bosques del Valle,NA,2016,Mujeres,Todas las edades,periurbano,NA
COL,Bosques del Valle,NA,2017,Mujeres,10-14,periurbano,NA
COL,Bosques del Valle,NA,2017,Mujeres,15-19,periurbano,NA
COL,Bosques del Valle,NA,2017,Mujeres,20-34,periurbano,NA
COL,Bosques del Valle,NA,2017,Mujeres,35-49,periurbano,NA
COL,Bosques del Valle,NA,2017,Mujeres,Todas las edades,periurbano,NA
COL,Bosques del Valle,NA,2018,Mujeres,10-14,periurbano,0
COL,Bosques del Valle,NA,2018,Mujeres,15-19,periurbano,0.07692307692307693
COL,Bosques del Valle,NA,2018,Mujeres,20-34,periurbano,0.3793103448275862
COL,Bosques del Valle,NA,2018,Mujeres,35-49,periurbano,0.16666666666666666
COL,Bosques del Valle,NA,2018,Mujeres,Todas las edades,periurbano,0.25
COL,Bosques del Valle,NA,2019,Mujeres,10-14,periurbano,0
COL,Bosques del Valle,NA,2019,Mujeres,15-19,periurbano,0.3
COL,Bosques del Valle,NA,2019,Mujeres,20-34,periurbano,0.17543859649122806
COL,Bosques del Valle,NA,2019,Mujeres,35-49,periurbano,0
COL,Bosques del Valle,NA,2019,Mujeres,Todas las edades,periurbano,0.16049382716049382
COL,Bosques del Valle,NA,2020,Mujeres,10-14,periurbano,0.5
COL,Bosques del Valle,NA,2020,Mujeres,15-19,periurbano,0.3
COL,Bosques del Valle,NA,2020,Mujeres,20-34,periurbano,0.4642857142857143
COL,Bosques del Valle,NA,2020,Mujeres,35-49,periurbano,0.3
COL,Bosques del Valle,NA,2020,Mujeres,Todas las edades,periurbano,0.4
COL,Bosques del Valle,NA,2021,Mujeres,10-14,periurbano,0.5
COL,Bosques del Valle,NA,2021,Mujeres,15-19,periurbano,0.4
COL,Bosques del Valle,NA,2021,Mujeres,20-34,periurbano,0.19047619047619047
COL,Bosques del Valle,NA,2021,Mujeres,35-49,periurbano,0.1111111111111111
COL,Bosques del Valle,NA,2021,Mujeres,Todas las edades,periurbano,0.23076923076923078
COL,Bosques del Valle,NA,2022,Mujeres,10-14,periurbano,0.3333333333333333
COL,Bosques del Valle,NA,2022,Mujeres,15-19,periurbano,0.4666666666666667
COL,Bosques del Valle,NA,2022,Mujeres,20-34,periurbano,0.45
COL,Bosques del Valle,NA,2022,Mujeres,35-49,periurbano,0.375
COL,Bosques del Valle,NA,2022,Mujeres,Todas las edades,periurbano,0.43243243243243246
COL,Bosques del Valle,NA,2023,Mujeres,10-14,periurbano,0.2857142857142857
COL,Bosques del Valle,NA,2023,Mujeres,15-19,periurbano,0.5
COL,Bosques del Valle,NA,2023,Mujeres,20-34,periurbano,0.5
COL,Bosques del Valle,NA,2023,Mujeres,35-49,periurbano,0.47619047619047616
COL,Bosques del Valle,NA,2023,Mujeres,Todas las edades,periurbano,0.47297297297297297
COL,Bosques del Valle,NA,2024,Mujeres,10-14,periurbano,0.75
COL,Bosques del Valle,NA,2024,Mujeres,15-19,periurbano,0.625
COL,Bosques del Valle,NA,2024,Mujeres,20-34,periurbano,0.45454545454545453
COL,Bosques del Valle,NA,2024,Mujeres,35-49,periurbano,0.6190476190476191
COL,Bosques del Valle,NA,2024,Mujeres,Todas las edades,periurbano,0.5324675324675324
COL,Bosques del Valle,NA,2025,Mujeres,10-14,periurbano,0.8
COL,Bosques del Valle,NA,2025,Mujeres,15-19,periurbano,0.46153846153846156
COL,Bosques del Valle,NA,2025,Mujeres,20-34,periurbano,0.5789473684210527
COL,Bosques del Valle,NA,2025,Mujeres,35-49,periurbano,0.36363636363636365
COL,Bosques del Valle,NA,2025,Mujeres,Todas las edades,periurbano,0.5465116279069767
COL,Colinas del Valle,NA,2016,Mujeres,10-14,rural,NA
COL,Colinas del Valle,NA,2016,Mujeres,15-19,rural,NA
COL,Colinas del Valle,NA,2016,Mujeres,20-34,rural,NA
COL,Colinas del Valle,NA,2016,Mujeres,35-49,rural,NA
COL,Colinas del Valle,NA,2016,Mujeres,Todas las edades,rural,NA
COL,Colinas del Valle,NA,2017,Mujeres,10-14,rural,NA
COL,Colinas del Valle,NA,2017,Mujeres,15-19,rural,NA
COL,Colinas del Valle,NA,2017,Mujeres,20-34,rural,NA
COL,Colinas del Valle,NA,2017,Mujeres,35-49,rural,NA
COL,Colinas del Valle,NA,2017,Mujeres,Todas las edades,rural,NA
COL,Colinas del Valle,NA,2018,Mujeres,10-14,rural,0.5
COL,Colinas del Valle,NA,2018,Mujeres,15-19,rural,0.2727272727272727
COL,Colinas del Valle,NA,2018,Mujeres,20-34,rural,0.26666666666666666
COL,Colinas del Valle,NA,2018,Mujeres,35-49,rural,0.38461538461538464
COL,Colinas del Valle,NA,2018,Mujeres,Todas las edades,rural,0.29577464788732394
COL,Colinas del Valle,NA,2019,Mujeres,10-14,rural,0.5
COL,Colinas del Valle,NA,2019,Mujeres,15-19,rural,0.25
COL,Colinas del Valle,NA,2019,Mujeres,20-34,rural,0.3684210526315789
COL,Colinas del Valle,NA,2019,Mujeres,35-49,rural,0.26666666666666666
COL,Colinas del Valle,NA,2019,Mujeres,Todas las edades,rural,0.3333333333333333
COL,Colinas del Valle,NA,2020,Mujeres,10-14,rural,0.3333333333333333
COL,Colinas del Valle,NA,2020,Mujeres,15-19,rural,0
COL,Colinas del Valle,NA,2020,Mujeres,20-34,rural,0.35135135135135137
COL,Colinas del Valle,NA,2020,Mujeres,35-49,rural,0.5
COL,Colinas del Valle,NA,2020,Mujeres,Todas las edades,rural,0.3333333333333333
COL,Colinas del Valle,NA,2021,Mujeres,10-14,rural,0
COL,Colinas del Valle,NA,2021,Mujeres,15-19,rural,0.2
COL,Colinas del Valle,NA,2021,Mujeres,20-34,rural,0.3076923076923077
COL,Colinas del Valle,NA,2021,Mujeres,35-49,rural,0.35294117647058826
COL,Colinas del Valle,NA,2021,Mujeres,Todas las edades,rural,0.2894736842105263
COL,Colinas del Valle,NA,2022,Mujeres,10-14,rural,0.4
COL,Colinas del Valle,NA,2022,Mujeres,15-19,rural,0.7272727272727273
COL,Colinas del Valle,NA,2022,Mujeres,20-34,rural,0.4523809523809524
COL,Colinas del Valle,NA,2022,Mujeres,35-49,rural,0.5294117647058824
COL,Colinas del Valle,NA,2022,Mujeres,Todas las edades,rural,0.5066666666666667
COL,Colinas del Valle,NA,2023,Mujeres,10-14,rural,0.16666666666666666
COL,Colinas del Valle,NA,2023,Mujeres,15-19,rural,0.6666666666666666
COL,Colinas del Valle,NA,2023,Mujeres,20-34,rural,0.627906976744186
COL,Colinas del Valle,NA,2023,Mujeres,35-49,rural,0.5333333333333333
COL,Colinas del Valle,NA,2023,Mujeres,Todas las edades,rural,0.5822784810126582
COL,Colinas del Valle,NA,2024,Mujeres,10-14,rural,0.5
COL,Colinas del Valle,NA,2024,Mujeres,15-19,rural,0.6666666666666666
COL,Colinas del Valle,NA,2024,Mujeres,20-34,rural,0.7368421052631579
COL,Colinas del Valle,NA,2024,Mujeres,35-49,rural,0.16666666666666666
COL,Colinas del Valle,NA,2024,Mujeres,Todas las edades,rural,0.6153846153846154
COL,Colinas del Valle,NA,2025,Mujeres,10-14,rural,1
COL,Colinas del Valle,NA,2025,Mujeres,15-19,rural,0.5
COL,Colinas del Valle,NA,2025,Mujeres,20-34,rural,0.6666666666666666
COL,Colinas del Valle,NA,2025,Mujeres,35-49,rural,0.8333333333333334
COL,Colinas del Valle,NA,2025,Mujeres,Todas las edades,rural,0.7058823529411765
COL,El Carmen,NA,2016,Mujeres,10-14,periurbano,NA
COL,El Carmen,NA,2016,Mujeres,15-19,periurbano,NA
COL,El Carmen,NA,2016,Mujeres,20-34,periurbano,NA
COL,El Carmen,NA,2016,Mujeres,35-49,periurbano,NA
COL,El Carmen,NA,2016,Mujeres,Todas las edades,periurbano,NA
COL,El Carmen,NA,2017,Mujeres,10-14,periurbano,NA
COL,El Carmen,NA,2017,Mujeres,15-19,periurbano,NA
COL,El Carmen,NA,2017,Mujeres,20-34,periurbano,NA
COL,El Carmen,NA,2017,Mujeres,35-49,periurbano,NA
COL,El Carmen,NA,2017,Mujeres,Todas las edades,periurbano,NA
COL,El Carmen,NA,2018,Mujeres,10-14,periurbano,0.3333333333333333
COL,El Carmen,NA,2018,Mujeres,15-19,periurbano,0.36363636363636365
COL,El Carmen,NA,2018,Mujeres,20-34,periurbano,0.17647058823529413
COL,El Carmen,NA,2018,Mujeres,35-49,periurbano,0.2222222222222222
COL,El Carmen,NA,2018,Mujeres,Todas las edades,periurbano,0.22077922077922077
COL,El Carmen,NA,2019,Mujeres,10-14,periurbano,0.3333333333333333
COL,El Carmen,NA,2019,Mujeres,15-19,periurbano,0.1
COL,El Carmen,NA,2019,Mujeres,20-34,periurbano,0.21621621621621623
COL,El Carmen,NA,2019,Mujeres,35-49,periurbano,0.09523809523809523
COL,El Carmen,NA,2019,Mujeres,Todas las edades,periurbano,0.16901408450704225
COL,El Carmen,NA,2020,Mujeres,10-14,periurbano,0.5
COL,El Carmen,NA,2020,Mujeres,15-19,periurbano,0.23076923076923078
COL,El Carmen,NA,2020,Mujeres,20-34,periurbano,0.2631578947368421
COL,El Carmen,NA,2020,Mujeres,35-49,periurbano,0.22727272727272727
COL,El Carmen,NA,2020,Mujeres,Todas las edades,periurbano,0.25333333333333335
COL,El Carmen,NA,2021,Mujeres,10-14,periurbano,0.16666666666666666
COL,El Carmen,NA,2021,Mujeres,15-19,periurbano,0.5555555555555556
COL,El Carmen,NA,2021,Mujeres,20-34,periurbano,0.3548387096774194
COL,El Carmen,NA,2021,Mujeres,35-49,periurbano,0.3333333333333333
COL,El Carmen,NA,2021,Mujeres,Todas las edades,periurbano,0.3595505617977528
COL,El Carmen,NA,2022,Mujeres,10-14,periurbano,0.5
COL,El Carmen,NA,2022,Mujeres,15-19,periurbano,0.5
COL,El Carmen,NA,2022,Mujeres,20-34,periurbano,0.43243243243243246
COL,El Carmen,NA,2022,Mujeres,35-49,periurbano,0.4375
COL,El Carmen,NA,2022,Mujeres,Todas las edades,periurbano,0.4520547945205479
COL,El Carmen,NA,2023,Mujeres,10-14,periurbano,0
COL,El Carmen,NA,2023,Mujeres,15-19,periurbano,0.6363636363636364
COL,El Carmen,NA,2023,Mujeres,20-34,periurbano,0.55
COL,El Carmen,NA,2023,Mujeres,35-49,periurbano,0.5238095238095238
COL,El Carmen,NA,2023,Mujeres,Todas las edades,periurbano,0.5405405405405406
COL,El Carmen,NA,2024,Mujeres,10-14,periurbano,0.3333333333333333
COL,El Carmen,NA,2024,Mujeres,15-19,periurbano,0.5294117647058824
COL,El Carmen,NA,2024,Mujeres,20-34,periurbano,0.6086956521739131
COL,El Carmen,NA,2024,Mujeres,35-49,periurbano,0.75
COL,El Carmen,NA,2024,Mujeres,Todas las edades,periurbano,0.6101694915254238
COL,El Carmen,NA,2025,Mujeres,10-14,periurbano,0.6666666666666666
COL,El Carmen,NA,2025,Mujeres,15-19,periurbano,0.42857142857142855
COL,El Carmen,NA,2025,Mujeres,20-34,periurbano,0.5588235294117647
COL,El Carmen,NA,2025,Mujeres,35-49,periurbano,1
COL,El Carmen,NA,2025,Mujeres,Todas las edades,periurbano,0.6
COL,El Edén,NA,2016,Mujeres,10-14,periurbano,NA
COL,El Edén,NA,2016,Mujeres,15-19,periurbano,NA
COL,El Edén,NA,2016,Mujeres,20-34,periurbano,NA
COL,El Edén,NA,2016,Mujeres,35-49,periurbano,NA
COL,El Edén,NA,2016,Mujeres,Todas las edades,periurbano,NA
COL,El Edén,NA,2017,Mujeres,10-14,periurbano,NA
COL,El Edén,NA,2017,Mujeres,15-19,periurbano,NA
COL,El Edén,NA,2017,Mujeres,20-34,periurbano,NA
COL,El Edén,NA,2017,Mujeres,35-49,periurbano,NA
COL,El Edén,NA,2017,Mujeres,Todas las edades,periurbano,NA
COL,El Edén,NA,2018,Mujeres,10-14,periurbano,0
COL,El Edén,NA,2018,Mujeres,15-19,periurbano,0.25
COL,El Edén,NA,2018,Mujeres,20-34,periurbano,0.26153846153846155
COL,El Edén,NA,2018,Mujeres,35-49,periurbano,0.25
COL,El Edén,NA,2018,Mujeres,Todas las edades,periurbano,0.24719101123595505
COL,El Edén,NA,2019,Mujeres,10-14,periurbano,0
COL,El Edén,NA,2019,Mujeres,15-19,periurbano,0.1111111111111111
COL,El Edén,NA,2019,Mujeres,20-34,periurbano,0.4
COL,El Edén,NA,2019,Mujeres,35-49,periurbano,0.4166666666666667
COL,El Edén,NA,2019,Mujeres,Todas las edades,periurbano,0.3402061855670103
COL,El Edén,NA,2020,Mujeres,10-14,periurbano,0.42857142857142855
COL,El Edén,NA,2020,Mujeres,15-19,periurbano,0.36363636363636365
COL,El Edén,NA,2020,Mujeres,20-34,periurbano,0.2153846153846154
COL,El Edén,NA,2020,Mujeres,35-49,periurbano,0.06666666666666667
COL,El Edén,NA,2020,Mujeres,Todas las edades,periurbano,0.22448979591836735
COL,El Edén,NA,2021,Mujeres,10-14,periurbano,0.2857142857142857
COL,El Edén,NA,2021,Mujeres,15-19,periurbano,0.3076923076923077
COL,El Edén,NA,2021,Mujeres,20-34,periurbano,0.28
COL,El Edén,NA,2021,Mujeres,35-49,periurbano,0.125
COL,El Edén,NA,2021,Mujeres,Todas las edades,periurbano,0.2641509433962264
COL,El Edén,NA,2022,Mujeres,10-14,periurbano,0.5714285714285714
COL,El Edén,NA,2022,Mujeres,15-19,periurbano,0.375
COL,El Edén,NA,2022,Mujeres,20-34,periurbano,0.3877551020408163
COL,El Edén,NA,2022,Mujeres,35-49,periurbano,0.42105263157894735
COL,El Edén,NA,2022,Mujeres,Todas las edades,periurbano,0.4065934065934066
COL,El Edén,NA,2023,Mujeres,10-14,periurbano,0
COL,El Edén,NA,2023,Mujeres,15-19,periurbano,0.6428571428571429
COL,El Edén,NA,2023,Mujeres,20-34,periurbano,0.4230769230769231
COL,El Edén,NA,2023,Mujeres,35-49,periurbano,0.3157894736842105
COL,El Edén,NA,2023,Mujeres,Todas las edades,periurbano,0.40625
COL,El Edén,NA,2024,Mujeres,10-14,periurbano,0.25
COL,El Edén,NA,2024,Mujeres,15-19,periurbano,0.4375
COL,El Edén,NA,2024,Mujeres,20-34,periurbano,0.5
COL,El Edén,NA,2024,Mujeres,35-49,periurbano,0.4117647058823529
COL,El Edén,NA,2024,Mujeres,Todas las edades,periurbano,0.46534653465346537
COL,El Edén,NA,2025,Mujeres,10-14,periurbano,0.6666666666666666
COL,El Edén,NA,2025,Mujeres,15-19,periurbano,0.5333333333333333
COL,El Edén,NA,2025,Mujeres,20-34,periurbano,0.5384615384615384
COL,El Edén,NA,2025,Mujeres,35-49,periurbano,0.15
COL,El Edén,NA,2025,Mujeres,Todas las edades,periurbano,0.45555555555555555
COL,El Mirador,NA,2016,Mujeres,10-14,rural,NA
COL,El Mirador,NA,2016,Mujeres,15-19,rural,NA
COL,El Mirador,NA,2016,Mujeres,20-34,rural,NA
COL,El Mirador,NA,2016,Mujeres,35-49,rural,NA
COL,El Mirador,NA,2016,Mujeres,Todas las edades,rural,NA
COL,El Mirador,NA,2017,Mujeres,10-14,rural,NA
COL,El Mirador,NA,2017,Mujeres,15-19,rural,NA
COL,El Mirador,NA,2017,Mujeres,20-34,rural,NA
COL,El Mirador,NA,2017,Mujeres,35-49,rural,NA
COL,El Mirador,NA,2017,Mujeres,Todas las edades,rural,NA
COL,El Mirador,NA,2018,Mujeres,10-14,rural,0.5
COL,El Mirador,NA,2018,Mujeres,15-19,rural,0.6666666666666666
COL,El Mirador,NA,2018,Mujeres,20-34,rural,0.24242424242424243
COL,El Mirador,NA,2018,Mujeres,35-49,rural,0
COL,El Mirador,NA,2018,Mujeres,Todas las edades,rural,0.2641509433962264
COL,El Mirador,NA,2019,Mujeres,10-14,rural,0.3333333333333333
COL,El Mirador,NA,2019,Mujeres,15-19,rural,0.2
COL,El Mirador,NA,2019,Mujeres,20-34,rural,0.34375
COL,El Mirador,NA,2019,Mujeres,35-49,rural,0.6666666666666666
COL,El Mirador,NA,2019,Mujeres,Todas las edades,rural,0.35185185185185186
COL,El Mirador,NA,2020,Mujeres,10-14,rural,0
COL,El Mirador,NA,2020,Mujeres,15-19,rural,0.3333333333333333
COL,El Mirador,NA,2020,Mujeres,20-34,rural,0.29411764705882354
COL,El Mirador,NA,2020,Mujeres,35-49,rural,0.3333333333333333
COL,El Mirador,NA,2020,Mujeres,Todas las edades,rural,0.3076923076923077
COL,El Mirador,NA,2021,Mujeres,10-14,rural,0.16666666666666666
COL,El Mirador,NA,2021,Mujeres,15-19,rural,0.35714285714285715
COL,El Mirador,NA,2021,Mujeres,20-34,rural,0.37142857142857144
COL,El Mirador,NA,2021,Mujeres,35-49,rural,0.625
COL,El Mirador,NA,2021,Mujeres,Todas las edades,rural,0.38095238095238093
COL,El Mirador,NA,2022,Mujeres,10-14,rural,1
COL,El Mirador,NA,2022,Mujeres,15-19,rural,0.46153846153846156
COL,El Mirador,NA,2022,Mujeres,20-34,rural,0.5
COL,El Mirador,NA,2022,Mujeres,35-49,rural,0.2857142857142857
COL,El Mirador,NA,2022,Mujeres,Todas las edades,rural,0.48148148148148145
COL,El Mirador,NA,2023,Mujeres,10-14,rural,0.4
COL,El Mirador,NA,2023,Mujeres,15-19,rural,0.7777777777777778
COL,El Mirador,NA,2023,Mujeres,20-34,rural,0.631578947368421
COL,El Mirador,NA,2023,Mujeres,35-49,rural,0.7222222222222222
COL,El Mirador,NA,2023,Mujeres,Todas las edades,rural,0.6571428571428571
COL,El Mirador,NA,2024,Mujeres,10-14,rural,1
COL,El Mirador,NA,2024,Mujeres,15-19,rural,0.8333333333333334
COL,El Mirador,NA,2024,Mujeres,20-34,rural,0.5833333333333334
COL,El Mirador,NA,2024,Mujeres,35-49,rural,0.6
COL,El Mirador,NA,2024,Mujeres,Todas las edades,rural,0.6428571428571429
COL,El Mirador,NA,2025,Mujeres,10-14,rural,0.75
COL,El Mirador,NA,2025,Mujeres,15-19,rural,0.46153846153846156
COL,El Mirador,NA,2025,Mujeres,20-34,rural,0.46875
COL,El Mirador,NA,2025,Mujeres,35-49,rural,0.6666666666666666
COL,El Mirador,NA,2025,Mujeres,Todas las edades,rural,0.509090909090909
COL,El Porvenir,NA,2016,Mujeres,10-14,rural,NA
COL,El Porvenir,NA,2016,Mujeres,15-19,rural,NA
COL,El Porvenir,NA,2016,Mujeres,20-34,rural,NA
COL,El Porvenir,NA,2016,Mujeres,35-49,rural,NA
COL,El Porvenir,NA,2016,Mujeres,Todas las edades,rural,NA
COL,El Porvenir,NA,2017,Mujeres,10-14,rural,NA
COL,El Porvenir,NA,2017,Mujeres,15-19,rural,NA
COL,El Porvenir,NA,2017,Mujeres,20-34,rural,NA
COL,El Porvenir,NA,2017,Mujeres,35-49,rural,NA
COL,El Porvenir,NA,2017,Mujeres,Todas las edades,rural,NA
COL,El Porvenir,NA,2018,Mujeres,10-14,rural,1
COL,El Porvenir,NA,2018,Mujeres,15-19,rural,0.07692307692307693
COL,El Porvenir,NA,2018,Mujeres,20-34,rural,0.4782608695652174
COL,El Porvenir,NA,2018,Mujeres,35-49,rural,0.25
COL,El Porvenir,NA,2018,Mujeres,Todas las edades,rural,0.32653061224489793
COL,El Porvenir,NA,2019,Mujeres,10-14,rural,0
COL,El Porvenir,NA,2019,Mujeres,15-19,rural,0.6
COL,El Porvenir,NA,2019,Mujeres,20-34,rural,0.2972972972972973
COL,El Porvenir,NA,2019,Mujeres,35-49,rural,0.25
COL,El Porvenir,NA,2019,Mujeres,Todas las edades,rural,0.32432432432432434
COL,El Porvenir,NA,2020,Mujeres,10-14,rural,0.5
COL,El Porvenir,NA,2020,Mujeres,15-19,rural,0.2
COL,El Porvenir,NA,2020,Mujeres,20-34,rural,0.2727272727272727
COL,El Porvenir,NA,2020,Mujeres,35-49,rural,0.375
COL,El Porvenir,NA,2020,Mujeres,Todas las edades,rural,0.2962962962962963
COL,El Porvenir,NA,2021,Mujeres,10-14,rural,0.6666666666666666
COL,El Porvenir,NA,2021,Mujeres,15-19,rural,0
COL,El Porvenir,NA,2021,Mujeres,20-34,rural,0.32432432432432434
COL,El Porvenir,NA,2021,Mujeres,35-49,rural,0.75
COL,El Porvenir,NA,2021,Mujeres,Todas las edades,rural,0.36363636363636365
COL,El Porvenir,NA,2022,Mujeres,10-14,rural,0
COL,El Porvenir,NA,2022,Mujeres,15-19,rural,0.375
COL,El Porvenir,NA,2022,Mujeres,20-34,rural,0.625
COL,El Porvenir,NA,2022,Mujeres,35-49,rural,0.375
COL,El Porvenir,NA,2022,Mujeres,Todas las edades,rural,0.45714285714285713
COL,El Porvenir,NA,2023,Mujeres,10-14,rural,0
COL,El Porvenir,NA,2023,Mujeres,15-19,rural,0.5555555555555556
COL,El Porvenir,NA,2023,Mujeres,20-34,rural,0.4090909090909091
COL,El Porvenir,NA,2023,Mujeres,35-49,rural,0.5333333333333333
COL,El Porvenir,NA,2023,Mujeres,Todas las edades,rural,0.4489795918367347
COL,El Porvenir,NA,2024,Mujeres,10-14,rural,0.2
COL,El Porvenir,NA,2024,Mujeres,15-19,rural,0.42857142857142855
COL,El Porvenir,NA,2024,Mujeres,20-34,rural,0.475
COL,El Porvenir,NA,2024,Mujeres,35-49,rural,0.75
COL,El Porvenir,NA,2024,Mujeres,Todas las edades,rural,0.5
COL,El Porvenir,NA,2025,Mujeres,10-14,rural,1
COL,El Porvenir,NA,2025,Mujeres,15-19,rural,0.6666666666666666
COL,El Porvenir,NA,2025,Mujeres,20-34,rural,0.5111111111111111
COL,El Porvenir,NA,2025,Mujeres,35-49,rural,0.6428571428571429
COL,El Porvenir,NA,2025,Mujeres,Todas las edades,rural,0.5694444444444444
COL,La Alameda,NA,2016,Mujeres,10-14,rural,NA
COL,La Alameda,NA,2016,Mujeres,15-19,rural,NA
COL,La Alameda,NA,2016,Mujeres,20-34,rural,NA
COL,La Alameda,NA,2016,Mujeres,35-49,rural,NA
COL,La Alameda,NA,2016,Mujeres,Todas las edades,rural,NA
COL,La Alameda,NA,2017,Mujeres,10-14,rural,NA
COL,La Alameda,NA,2017,Mujeres,15-19,rural,NA
COL,La Alameda,NA,2017,Mujeres,20-34,rural,NA
COL,La Alameda,NA,2017,Mujeres,35-49,rural,NA
COL,La Alameda,NA,2017,Mujeres,Todas las edades,rural,NA
COL,La Alameda,NA,2018,Mujeres,10-14,rural,1
COL,La Alameda,NA,2018,Mujeres,15-19,rural,0.07142857142857142
COL,La Alameda,NA,2018,Mujeres,20-34,rural,0.3888888888888889
COL,La Alameda,NA,2018,Mujeres,35-49,rural,0
COL,La Alameda,NA,2018,Mujeres,Todas las edades,rural,0.2807017543859649
COL,La Alameda,NA,2019,Mujeres,10-14,rural,0.3333333333333333
COL,La Alameda,NA,2019,Mujeres,15-19,rural,0.21428571428571427
COL,La Alameda,NA,2019,Mujeres,20-34,rural,0.39473684210526316
COL,La Alameda,NA,2019,Mujeres,35-49,rural,0.25
COL,La Alameda,NA,2019,Mujeres,Todas las edades,rural,0.32432432432432434
COL,La Alameda,NA,2020,Mujeres,10-14,rural,0
COL,La Alameda,NA,2020,Mujeres,15-19,rural,0.45454545454545453
COL,La Alameda,NA,2020,Mujeres,20-34,rural,0.2727272727272727
COL,La Alameda,NA,2020,Mujeres,35-49,rural,0.5625
COL,La Alameda,NA,2020,Mujeres,Todas las edades,rural,0.3611111111111111
COL,La Alameda,NA,2021,Mujeres,10-14,rural,0.25
COL,La Alameda,NA,2021,Mujeres,15-19,rural,0.4166666666666667
COL,La Alameda,NA,2021,Mujeres,20-34,rural,0.5
COL,La Alameda,NA,2021,Mujeres,35-49,rural,0.375
COL,La Alameda,NA,2021,Mujeres,Todas las edades,rural,0.45588235294117646
COL,La Alameda,NA,2022,Mujeres,10-14,rural,0.5
COL,La Alameda,NA,2022,Mujeres,15-19,rural,0.8
COL,La Alameda,NA,2022,Mujeres,20-34,rural,0.4074074074074074
COL,La Alameda,NA,2022,Mujeres,35-49,rural,0.4
COL,La Alameda,NA,2022,Mujeres,Todas las edades,rural,0.46153846153846156
COL,La Alameda,NA,2023,Mujeres,10-14,rural,0.5
COL,La Alameda,NA,2023,Mujeres,15-19,rural,0.36363636363636365
COL,La Alameda,NA,2023,Mujeres,20-34,rural,0.6153846153846154
COL,La Alameda,NA,2023,Mujeres,35-49,rural,0.6
COL,La Alameda,NA,2023,Mujeres,Todas las edades,rural,0.5434782608695652
COL,La Alameda,NA,2024,Mujeres,10-14,rural,0.3333333333333333
COL,La Alameda,NA,2024,Mujeres,15-19,rural,0.7
COL,La Alameda,NA,2024,Mujeres,20-34,rural,0.3888888888888889
COL,La Alameda,NA,2024,Mujeres,35-49,rural,0.7857142857142857
COL,La Alameda,NA,2024,Mujeres,Todas las edades,rural,0.5777777777777777
COL,La Alameda,NA,2025,Mujeres,10-14,rural,1
COL,La Alameda,NA,2025,Mujeres,15-19,rural,0.6666666666666666
COL,La Alameda,NA,2025,Mujeres,20-34,rural,0.6976744186046512
COL,La Alameda,NA,2025,Mujeres,35-49,rural,0.7142857142857143
COL,La Alameda,NA,2025,Mujeres,Todas las edades,rural,0.7058823529411765
COL,La Arboleda,NA,2016,Mujeres,10-14,periurbano,NA
COL,La Arboleda,NA,2016,Mujeres,15-19,periurbano,NA
COL,La Arboleda,NA,2016,Mujeres,20-34,periurbano,NA
COL,La Arboleda,NA,2016,Mujeres,35-49,periurbano,NA
COL,La Arboleda,NA,2016,Mujeres,Todas las edades,periurbano,NA
COL,La Arboleda,NA,2017,Mujeres,10-14,periurbano,NA
COL,La Arboleda,NA,2017,Mujeres,15-19,periurbano,NA
COL,La Arboleda,NA,2017,Mujeres,20-34,periurbano,NA
COL,La Arboleda,NA,2017,Mujeres,35-49,periurbano,NA
COL,La Arboleda,NA,2017,Mujeres,Todas las edades,periurbano,NA
COL,La Arboleda,NA,2018,Mujeres,10-14,periurbano,0
COL,La Arboleda,NA,2018,Mujeres,15-19,periurbano,0.2222222222222222
COL,La Arboleda,NA,2018,Mujeres,20-34,periurbano,0.2413793103448276
COL,La Arboleda,NA,2018,Mujeres,35-49,periurbano,0.16666666666666666
COL,La Arboleda,NA,2018,Mujeres,Todas las edades,periurbano,0.21311475409836064
COL,La Arboleda,NA,2019,Mujeres,10-14,periurbano,0.3333333333333333
COL,La Arboleda,NA,2019,Mujeres,15-19,periurbano,0.35714285714285715
COL,La Arboleda,NA,2019,Mujeres,20-34,periurbano,0.21875
COL,La Arboleda,NA,2019,Mujeres,35-49,periurbano,0.25
COL,La Arboleda,NA,2019,Mujeres,Todas las edades,periurbano,0.25
COL,La Arboleda,NA,2020,Mujeres,10-14,periurbano,0
COL,La Arboleda,NA,2020,Mujeres,15-19,periurbano,0.5333333333333333
COL,La Arboleda,NA,2020,Mujeres,20-34,periurbano,0.29545454545454547
COL,La Arboleda,NA,2020,Mujeres,35-49,periurbano,0.16666666666666666
COL,La Arboleda,NA,2020,Mujeres,Todas las edades,periurbano,0.3108108108108108
COL,La Arboleda,NA,2021,Mujeres,10-14,periurbano,0.5
COL,La Arboleda,NA,2021,Mujeres,15-19,periurbano,0.35714285714285715
COL,La Arboleda,NA,2021,Mujeres,20-34,periurbano,0.4
COL,La Arboleda,NA,2021,Mujeres,35-49,periurbano,0.3333333333333333
COL,La Arboleda,NA,2021,Mujeres,Todas las edades,periurbano,0.3854166666666667
COL,La Arboleda,NA,2022,Mujeres,10-14,periurbano,0.5
COL,La Arboleda,NA,2022,Mujeres,15-19,periurbano,0.42857142857142855
COL,La Arboleda,NA,2022,Mujeres,20-34,periurbano,0.3157894736842105
COL,La Arboleda,NA,2022,Mujeres,35-49,periurbano,0.26666666666666666
COL,La Arboleda,NA,2022,Mujeres,Todas las edades,periurbano,0.33695652173913043
COL,La Arboleda,NA,2023,Mujeres,10-14,periurbano,0.5
COL,La Arboleda,NA,2023,Mujeres,15-19,periurbano,0.4
COL,La Arboleda,NA,2023,Mujeres,20-34,periurbano,0.3939393939393939
COL,La Arboleda,NA,2023,Mujeres,35-49,periurbano,0.5833333333333334
COL,La Arboleda,NA,2023,Mujeres,Todas las edades,periurbano,0.4406779661016949
COL,La Arboleda,NA,2024,Mujeres,10-14,periurbano,0.5
COL,La Arboleda,NA,2024,Mujeres,15-19,periurbano,0.3333333333333333
COL,La Arboleda,NA,2024,Mujeres,20-34,periurbano,0.543859649122807
COL,La Arboleda,NA,2024,Mujeres,35-49,periurbano,0.42105263157894735
COL,La Arboleda,NA,2024,Mujeres,Todas las edades,periurbano,0.4888888888888889
COL,La Arboleda,NA,2025,Mujeres,10-14,periurbano,0
COL,La Arboleda,NA,2025,Mujeres,15-19,periurbano,0.5
COL,La Arboleda,NA,2025,Mujeres,20-34,periurbano,0.46774193548387094
COL,La Arboleda,NA,2025,Mujeres,35-49,periurbano,0.4117647058823529
COL,La Arboleda,NA,2025,Mujeres,Todas las edades,periurbano,0.45054945054945056
COL,La Cañada,NA,2016,Mujeres,10-14,rural,NA
COL,La Cañada,NA,2016,Mujeres,15-19,rural,NA
COL,La Cañada,NA,2016,Mujeres,20-34,rural,NA
COL,La Cañada,NA,2016,Mujeres,35-49,rural,NA
COL,La Cañada,NA,2016,Mujeres,Todas las edades,rural,NA
COL,La Cañada,NA,2017,Mujeres,10-14,rural,NA
COL,La Cañada,NA,2017,Mujeres,15-19,rural,NA
COL,La Cañada,NA,2017,Mujeres,20-34,rural,NA
COL,La Cañada,NA,2017,Mujeres,35-49,rural,NA
COL,La Cañada,NA,2017,Mujeres,Todas las edades,rural,NA
COL,La Cañada,NA,2018,Mujeres,10-14,rural,0
COL,La Cañada,NA,2018,Mujeres,15-19,rural,0.2857142857142857
COL,La Cañada,NA,2018,Mujeres,20-34,rural,0.25925925925925924
COL,La Cañada,NA,2018,Mujeres,35-49,rural,0.36363636363636365
COL,La Cañada,NA,2018,Mujeres,Todas las edades,rural,0.2826086956521739
COL,La Cañada,NA,2019,Mujeres,10-14,rural,0.6666666666666666
COL,La Cañada,NA,2019,Mujeres,15-19,rural,0.45454545454545453
COL,La Cañada,NA,2019,Mujeres,20-34,rural,0.44
COL,La Cañada,NA,2019,Mujeres,35-49,rural,0.5
COL,La Cañada,NA,2019,Mujeres,Todas las edades,rural,0.46808510638297873
COL,La Cañada,NA,2020,Mujeres,10-14,rural,1
COL,La Cañada,NA,2020,Mujeres,15-19,rural,0.07142857142857142
COL,La Cañada,NA,2020,Mujeres,20-34,rural,0.32142857142857145
COL,La Cañada,NA,2020,Mujeres,35-49,rural,0.4
COL,La Cañada,NA,2020,Mujeres,Todas las edades,rural,0.29310344827586204
COL,La Cañada,NA,2021,Mujeres,10-14,rural,0
COL,La Cañada,NA,2021,Mujeres,15-19,rural,0.16666666666666666
COL,La Cañada,NA,2021,Mujeres,20-34,rural,0.5238095238095238
COL,La Cañada,NA,2021,Mujeres,35-49,rural,0.5454545454545454
COL,La Cañada,NA,2021,Mujeres,Todas las edades,rural,0.47540983606557374
COL,La Cañada,NA,2022,Mujeres,10-14,rural,1
COL,La Cañada,NA,2022,Mujeres,15-19,rural,0.6666666666666666
COL,La Cañada,NA,2022,Mujeres,20-34,rural,0.5652173913043478
COL,La Cañada,NA,2022,Mujeres,35-49,rural,0.4
COL,La Cañada,NA,2022,Mujeres,Todas las edades,rural,0.5714285714285714
COL,La Cañada,NA,2023,Mujeres,10-14,rural,0.2
COL,La Cañada,NA,2023,Mujeres,15-19,rural,0.6666666666666666
COL,La Cañada,NA,2023,Mujeres,20-34,rural,0.5
COL,La Cañada,NA,2023,Mujeres,35-49,rural,0.5
COL,La Cañada,NA,2023,Mujeres,Todas las edades,rural,0.4883720930232558
COL,La Cañada,NA,2024,Mujeres,10-14,rural,0.5
COL,La Cañada,NA,2024,Mujeres,15-19,rural,0.6
COL,La Cañada,NA,2024,Mujeres,20-34,rural,0.5862068965517241
COL,La Cañada,NA,2024,Mujeres,35-49,rural,0.6666666666666666
COL,La Cañada,NA,2024,Mujeres,Todas las edades,rural,0.6
COL,La Cañada,NA,2025,Mujeres,10-14,rural,1
COL,La Cañada,NA,2025,Mujeres,15-19,rural,0.8333333333333334
COL,La Cañada,NA,2025,Mujeres,20-34,rural,0.6388888888888888
COL,La Cañada,NA,2025,Mujeres,35-49,rural,0.625
COL,La Cañada,NA,2025,Mujeres,Todas las edades,rural,0.676923076923077
COL,La Primavera,NA,2016,Mujeres,10-14,periurbano,NA
COL,La Primavera,NA,2016,Mujeres,15-19,periurbano,NA
COL,La Primavera,NA,2016,Mujeres,20-34,periurbano,NA
COL,La Primavera,NA,2016,Mujeres,35-49,periurbano,NA
COL,La Primavera,NA,2016,Mujeres,Todas las edades,periurbano,NA
COL,La Primavera,NA,2017,Mujeres,10-14,periurbano,NA
COL,La Primavera,NA,2017,Mujeres,15-19,periurbano,NA
COL,La Primavera,NA,2017,Mujeres,20-34,periurbano,NA
COL,La Primavera,NA,2017,Mujeres,35-49,periurbano,NA
COL,La Primavera,NA,2017,Mujeres,Todas las edades,periurbano,NA
COL,La Primavera,NA,2018,Mujeres,10-14,periurbano,0.2857142857142857
COL,La Primavera,NA,2018,Mujeres,15-19,periurbano,0.29411764705882354
COL,La Primavera,NA,2018,Mujeres,20-34,periurbano,0.28846153846153844
COL,La Primavera,NA,2018,Mujeres,35-49,periurbano,0.14285714285714285
COL,La Primavera,NA,2018,Mujeres,Todas las edades,periurbano,0.26666666666666666
COL,La Primavera,NA,2019,Mujeres,10-14,periurbano,0
COL,La Primavera,NA,2019,Mujeres,15-19,periurbano,0.13333333333333333
COL,La Primavera,NA,2019,Mujeres,20-34,periurbano,0.2682926829268293
COL,La Primavera,NA,2019,Mujeres,35-49,periurbano,0.25
COL,La Primavera,NA,2019,Mujeres,Todas las edades,periurbano,0.2236842105263158
COL,La Primavera,NA,2020,Mujeres,10-14,periurbano,0
COL,La Primavera,NA,2020,Mujeres,15-19,periurbano,0.3333333333333333
COL,La Primavera,NA,2020,Mujeres,20-34,periurbano,0.23529411764705882
COL,La Primavera,NA,2020,Mujeres,35-49,periurbano,0.4117647058823529
COL,La Primavera,NA,2020,Mujeres,Todas las edades,periurbano,0.27472527472527475
COL,La Primavera,NA,2021,Mujeres,10-14,periurbano,0.42857142857142855
COL,La Primavera,NA,2021,Mujeres,15-19,periurbano,0.3333333333333333
COL,La Primavera,NA,2021,Mujeres,20-34,periurbano,0.41935483870967744
COL,La Primavera,NA,2021,Mujeres,35-49,periurbano,0.3076923076923077
COL,La Primavera,NA,2021,Mujeres,Todas las edades,periurbano,0.3917525773195876
COL,La Primavera,NA,2022,Mujeres,10-14,periurbano,0.42857142857142855
COL,La Primavera,NA,2022,Mujeres,15-19,periurbano,0.5555555555555556
COL,La Primavera,NA,2022,Mujeres,20-34,periurbano,0.4126984126984127
COL,La Primavera,NA,2022,Mujeres,35-49,periurbano,0.2777777777777778
COL,La Primavera,NA,2022,Mujeres,Todas las edades,periurbano,0.41509433962264153
COL,La Primavera,NA,2023,Mujeres,10-14,periurbano,0.6666666666666666
COL,La Primavera,NA,2023,Mujeres,15-19,periurbano,0.625
COL,La Primavera,NA,2023,Mujeres,20-34,periurbano,0.5081967213114754
COL,La Primavera,NA,2023,Mujeres,35-49,periurbano,0.4090909090909091
COL,La Primavera,NA,2023,Mujeres,Todas las edades,periurbano,0.5
COL,La Primavera,NA,2024,Mujeres,10-14,periurbano,0.25
COL,La Primavera,NA,2024,Mujeres,15-19,periurbano,0.5454545454545454
COL,La Primavera,NA,2024,Mujeres,20-34,periurbano,0.5116279069767442
COL,La Primavera,NA,2024,Mujeres,35-49,periurbano,0.4444444444444444
COL,La Primavera,NA,2024,Mujeres,Todas las edades,periurbano,0.4925373134328358
COL,La Primavera,NA,2025,Mujeres,10-14,periurbano,0.7142857142857143
COL,La Primavera,NA,2025,Mujeres,15-19,periurbano,0.5714285714285714
COL,La Primavera,NA,2025,Mujeres,20-34,periurbano,0.5714285714285714
COL,La Primavera,NA,2025,Mujeres,35-49,periurbano,0.6363636363636364
COL,La Primavera,NA,2025,Mujeres,Todas las edades,periurbano,0.6056338028169014
COL,Las Brisas,NA,2016,Mujeres,10-14,rural,NA
COL,Las Brisas,NA,2016,Mujeres,15-19,rural,NA
COL,Las Brisas,NA,2016,Mujeres,20-34,rural,NA
COL,Las Brisas,NA,2016,Mujeres,35-49,rural,NA
COL,Las Brisas,NA,2016,Mujeres,Todas las edades,rural,NA
COL,Las Brisas,NA,2017,Mujeres,10-14,rural,NA
COL,Las Brisas,NA,2017,Mujeres,15-19,rural,NA
COL,Las Brisas,NA,2017,Mujeres,20-34,rural,NA
COL,Las Brisas,NA,2017,Mujeres,35-49,rural,NA
COL,Las Brisas,NA,2017,Mujeres,Todas las edades,rural,NA
COL,Las Brisas,NA,2018,Mujeres,10-14,rural,0.4
COL,Las Brisas,NA,2018,Mujeres,15-19,rural,0
COL,Las Brisas,NA,2018,Mujeres,20-34,rural,0.34146341463414637
COL,Las Brisas,NA,2018,Mujeres,35-49,rural,0.2727272727272727
COL,Las Brisas,NA,2018,Mujeres,Todas las edades,rural,0.3064516129032258
COL,Las Brisas,NA,2019,Mujeres,10-14,rural,0.4
COL,Las Brisas,NA,2019,Mujeres,15-19,rural,0.42857142857142855
COL,Las Brisas,NA,2019,Mujeres,20-34,rural,0.3
COL,Las Brisas,NA,2019,Mujeres,35-49,rural,0.4444444444444444
COL,Las Brisas,NA,2019,Mujeres,Todas las edades,rural,0.373134328358209
COL,Las Brisas,NA,2020,Mujeres,10-14,rural,0
COL,Las Brisas,NA,2020,Mujeres,15-19,rural,0.4
COL,Las Brisas,NA,2020,Mujeres,20-34,rural,0.38461538461538464
COL,Las Brisas,NA,2020,Mujeres,35-49,rural,0.36363636363636365
COL,Las Brisas,NA,2020,Mujeres,Todas las edades,rural,0.37209302325581395
COL,Las Brisas,NA,2021,Mujeres,10-14,rural,0.5
COL,Las Brisas,NA,2021,Mujeres,15-19,rural,0.46153846153846156
COL,Las Brisas,NA,2021,Mujeres,20-34,rural,0.5172413793103449
COL,Las Brisas,NA,2021,Mujeres,35-49,rural,0.38461538461538464
COL,Las Brisas,NA,2021,Mujeres,Todas las edades,rural,0.47368421052631576
COL,Las Brisas,NA,2022,Mujeres,10-14,rural,0.3333333333333333
COL,Las Brisas,NA,2022,Mujeres,15-19,rural,0.4
COL,Las Brisas,NA,2022,Mujeres,20-34,rural,0.5
COL,Las Brisas,NA,2022,Mujeres,35-49,rural,0.3333333333333333
COL,Las Brisas,NA,2022,Mujeres,Todas las edades,rural,0.43478260869565216
COL,Las Brisas,NA,2023,Mujeres,10-14,rural,0.75
COL,Las Brisas,NA,2023,Mujeres,15-19,rural,0.6428571428571429
COL,Las Brisas,NA,2023,Mujeres,20-34,rural,0.4375
COL,Las Brisas,NA,2023,Mujeres,35-49,rural,0.2
COL,Las Brisas,NA,2023,Mujeres,Todas las edades,rural,0.4909090909090909
COL,Las Brisas,NA,2024,Mujeres,10-14,rural,1
COL,Las Brisas,NA,2024,Mujeres,15-19,rural,0.5
COL,Las Brisas,NA,2024,Mujeres,20-34,rural,0.42857142857142855
COL,Las Brisas,NA,2024,Mujeres,35-49,rural,0.5714285714285714
COL,Las Brisas,NA,2024,Mujeres,Todas las edades,rural,0.5172413793103449
COL,Las Brisas,NA,2025,Mujeres,10-14,rural,0
COL,Las Brisas,NA,2025,Mujeres,15-19,rural,0.6
COL,Las Brisas,NA,2025,Mujeres,20-34,rural,0.6
COL,Las Brisas,NA,2025,Mujeres,35-49,rural,0.6875
COL,Las Brisas,NA,2025,Mujeres,Todas las edades,rural,0.6140350877192983
COL,Las Palmas,NA,2016,Mujeres,10-14,periurbano,NA
COL,Las Palmas,NA,2016,Mujeres,15-19,periurbano,NA
COL,Las Palmas,NA,2016,Mujeres,20-34,periurbano,NA
COL,Las Palmas,NA,2016,Mujeres,35-49,periurbano,NA
COL,Las Palmas,NA,2016,Mujeres,Todas las edades,periurbano,NA
COL,Las Palmas,NA,2017,Mujeres,10-14,periurbano,NA
COL,Las Palmas,NA,2017,Mujeres,15-19,periurbano,NA
COL,Las Palmas,NA,2017,Mujeres,20-34,periurbano,NA
COL,Las Palmas,NA,2017,Mujeres,35-49,periurbano,NA
COL,Las Palmas,NA,2017,Mujeres,Todas las edades,periurbano,NA
COL,Las Palmas,NA,2018,Mujeres,10-14,periurbano,0.25
COL,Las Palmas,NA,2018,Mujeres,15-19,periurbano,0.3125
COL,Las Palmas,NA,2018,Mujeres,20-34,periurbano,0.15384615384615385
COL,Las Palmas,NA,2018,Mujeres,35-49,periurbano,0.3125
COL,Las Palmas,NA,2018,Mujeres,Todas las edades,periurbano,0.2159090909090909
COL,Las Palmas,NA,2019,Mujeres,10-14,periurbano,0.5
COL,Las Palmas,NA,2019,Mujeres,15-19,periurbano,0.2222222222222222
COL,Las Palmas,NA,2019,Mujeres,20-34,periurbano,0.2564102564102564
COL,Las Palmas,NA,2019,Mujeres,35-49,periurbano,0.21052631578947367
COL,Las Palmas,NA,2019,Mujeres,Todas las edades,periurbano,0.2602739726027397
COL,Las Palmas,NA,2020,Mujeres,10-14,periurbano,0.5
COL,Las Palmas,NA,2020,Mujeres,15-19,periurbano,0.375
COL,Las Palmas,NA,2020,Mujeres,20-34,periurbano,0.21951219512195122
COL,Las Palmas,NA,2020,Mujeres,35-49,periurbano,0.2
COL,Las Palmas,NA,2020,Mujeres,Todas las edades,periurbano,0.2608695652173913
COL,Las Palmas,NA,2021,Mujeres,10-14,periurbano,0.3333333333333333
COL,Las Palmas,NA,2021,Mujeres,15-19,periurbano,0.2222222222222222
COL,Las Palmas,NA,2021,Mujeres,20-34,periurbano,0.25
COL,Las Palmas,NA,2021,Mujeres,35-49,periurbano,0.3157894736842105
COL,Las Palmas,NA,2021,Mujeres,Todas las edades,periurbano,0.2727272727272727
COL,Las Palmas,NA,2022,Mujeres,10-14,periurbano,0.4
COL,Las Palmas,NA,2022,Mujeres,15-19,periurbano,0.6666666666666666
COL,Las Palmas,NA,2022,Mujeres,20-34,periurbano,0.4897959183673469
COL,Las Palmas,NA,2022,Mujeres,35-49,periurbano,0.5882352941176471
COL,Las Palmas,NA,2022,Mujeres,Todas las edades,periurbano,0.525
COL,Las Palmas,NA,2023,Mujeres,10-14,periurbano,0.5
COL,Las Palmas,NA,2023,Mujeres,15-19,periurbano,0.5
COL,Las Palmas,NA,2023,Mujeres,20-34,periurbano,0.6976744186046512
COL,Las Palmas,NA,2023,Mujeres,35-49,periurbano,0.6842105263157895
COL,Las Palmas,NA,2023,Mujeres,Todas las edades,periurbano,0.6538461538461539
COL,Las Palmas,NA,2024,Mujeres,10-14,periurbano,0.25
COL,Las Palmas,NA,2024,Mujeres,15-19,periurbano,0.4
COL,Las Palmas,NA,2024,Mujeres,20-34,periurbano,0.45714285714285713
COL,Las Palmas,NA,2024,Mujeres,35-49,periurbano,0.4090909090909091
COL,Las Palmas,NA,2024,Mujeres,Todas las edades,periurbano,0.4225352112676056
COL,Las Palmas,NA,2025,Mujeres,10-14,periurbano,0.5
COL,Las Palmas,NA,2025,Mujeres,15-19,periurbano,0.5555555555555556
COL,Las Palmas,NA,2025,Mujeres,20-34,periurbano,0.5161290322580645
COL,Las Palmas,NA,2025,Mujeres,35-49,periurbano,0.4375
COL,Las Palmas,NA,2025,Mujeres,Todas las edades,periurbano,0.5
COL,Los Arrayanes,NA,2016,Mujeres,10-14,rural,NA
COL,Los Arrayanes,NA,2016,Mujeres,15-19,rural,NA
COL,Los Arrayanes,NA,2016,Mujeres,20-34,rural,NA
COL,Los Arrayanes,NA,2016,Mujeres,35-49,rural,NA
COL,Los Arrayanes,NA,2016,Mujeres,Todas las edades,rural,NA
COL,Los Arrayanes,NA,2017,Mujeres,10-14,rural,NA
COL,Los Arrayanes,NA,2017,Mujeres,15-19,rural,NA
COL,Los Arrayanes,NA,2017,Mujeres,20-34,rural,NA
COL,Los Arrayanes,NA,2017,Mujeres,35-49,rural,NA
COL,Los Arrayanes,NA,2017,Mujeres,Todas las edades,rural,NA
COL,Los Arrayanes,NA,2018,Mujeres,10-14,rural,0
COL,Los Arrayanes,NA,2018,Mujeres,15-19,rural,0.2
COL,Los Arrayanes,NA,2018,Mujeres,20-34,rural,0.3333333333333333
COL,Los Arrayanes,NA,2018,Mujeres,35-49,rural,0.16666666666666666
COL,Los Arrayanes,NA,2018,Mujeres,Todas las edades,rural,0.2571428571428571
COL,Los Arrayanes,NA,2019,Mujeres,10-14,rural,0.16666666666666666
COL,Los Arrayanes,NA,2019,Mujeres,15-19,rural,0.3333333333333333
COL,Los Arrayanes,NA,2019,Mujeres,20-34,rural,0.45161290322580644
COL,Los Arrayanes,NA,2019,Mujeres,35-49,rural,0.4375
COL,Los Arrayanes,NA,2019,Mujeres,Todas las edades,rural,0.4
COL,Los Arrayanes,NA,2020,Mujeres,10-14,rural,0.2
COL,Los Arrayanes,NA,2020,Mujeres,15-19,rural,0.125
COL,Los Arrayanes,NA,2020,Mujeres,20-34,rural,0.3235294117647059
COL,Los Arrayanes,NA,2020,Mujeres,35-49,rural,0.2222222222222222
COL,Los Arrayanes,NA,2020,Mujeres,Todas las edades,rural,0.26153846153846155
COL,Los Arrayanes,NA,2021,Mujeres,10-14,rural,0.6666666666666666
COL,Los Arrayanes,NA,2021,Mujeres,15-19,rural,0.6
COL,Los Arrayanes,NA,2021,Mujeres,20-34,rural,0.28205128205128205
COL,Los Arrayanes,NA,2021,Mujeres,35-49,rural,0.1
COL,Los Arrayanes,NA,2021,Mujeres,Todas las edades,rural,0.3384615384615385
COL,Los Arrayanes,NA,2022,Mujeres,10-14,rural,1
COL,Los Arrayanes,NA,2022,Mujeres,15-19,rural,0.35714285714285715
COL,Los Arrayanes,NA,2022,Mujeres,20-34,rural,0.4318181818181818
COL,Los Arrayanes,NA,2022,Mujeres,35-49,rural,0.5
COL,Los Arrayanes,NA,2022,Mujeres,Todas las edades,rural,0.44155844155844154
COL,Los Arrayanes,NA,2023,Mujeres,10-14,rural,0.5
COL,Los Arrayanes,NA,2023,Mujeres,15-19,rural,0.7142857142857143
COL,Los Arrayanes,NA,2023,Mujeres,20-34,rural,0.42857142857142855
COL,Los Arrayanes,NA,2023,Mujeres,35-49,rural,0.5
COL,Los Arrayanes,NA,2023,Mujeres,Todas las edades,rural,0.5434782608695652
COL,Los Arrayanes,NA,2024,Mujeres,10-14,rural,1
COL,Los Arrayanes,NA,2024,Mujeres,15-19,rural,0.5384615384615384
COL,Los Arrayanes,NA,2024,Mujeres,20-34,rural,0.5882352941176471
COL,Los Arrayanes,NA,2024,Mujeres,35-49,rural,0.7142857142857143
COL,Los Arrayanes,NA,2024,Mujeres,Todas las edades,rural,0.6
COL,Los Arrayanes,NA,2025,Mujeres,10-14,rural,0.6
COL,Los Arrayanes,NA,2025,Mujeres,15-19,rural,0.6666666666666666
COL,Los Arrayanes,NA,2025,Mujeres,20-34,rural,0.6521739130434783
COL,Los Arrayanes,NA,2025,Mujeres,35-49,rural,0.6666666666666666
COL,Los Arrayanes,NA,2025,Mujeres,Todas las edades,rural,0.6545454545454545
COL,Los Pinos,NA,2016,Mujeres,10-14,rural,NA
COL,Los Pinos,NA,2016,Mujeres,15-19,rural,NA
COL,Los Pinos,NA,2016,Mujeres,20-34,rural,NA
COL,Los Pinos,NA,2016,Mujeres,35-49,rural,NA
COL,Los Pinos,NA,2016,Mujeres,Todas las edades,rural,NA
COL,Los Pinos,NA,2017,Mujeres,10-14,rural,NA
COL,Los Pinos,NA,2017,Mujeres,15-19,rural,NA
COL,Los Pinos,NA,2017,Mujeres,20-34,rural,NA
COL,Los Pinos,NA,2017,Mujeres,35-49,rural,NA
COL,Los Pinos,NA,2017,Mujeres,Todas las edades,rural,NA
COL,Los Pinos,NA,2018,Mujeres,10-14,rural,0.5
COL,Los Pinos,NA,2018,Mujeres,15-19,rural,0.4
COL,Los Pinos,NA,2018,Mujeres,20-34,rural,0.37037037037037035
COL,Los Pinos,NA,2018,Mujeres,35-49,rural,0.36363636363636365
COL,Los Pinos,NA,2018,Mujeres,Todas las edades,rural,0.38
COL,Los Pinos,NA,2019,Mujeres,10-14,rural,0
COL,Los Pinos,NA,2019,Mujeres,15-19,rural,0.5555555555555556
COL,Los Pinos,NA,2019,Mujeres,20-34,rural,0.5
COL,Los Pinos,NA,2019,Mujeres,35-49,rural,0.4444444444444444
COL,Los Pinos,NA,2019,Mujeres,Todas las edades,rural,0.48333333333333334
COL,Los Pinos,NA,2020,Mujeres,10-14,rural,0.3333333333333333
COL,Los Pinos,NA,2020,Mujeres,15-19,rural,0.2
COL,Los Pinos,NA,2020,Mujeres,20-34,rural,0.41025641025641024
COL,Los Pinos,NA,2020,Mujeres,35-49,rural,0.4
COL,Los Pinos,NA,2020,Mujeres,Todas las edades,rural,0.3548387096774194
COL,Los Pinos,NA,2021,Mujeres,10-14,rural,0
COL,Los Pinos,NA,2021,Mujeres,15-19,rural,0.3333333333333333
COL,Los Pinos,NA,2021,Mujeres,20-34,rural,0.3076923076923077
COL,Los Pinos,NA,2021,Mujeres,35-49,rural,0.26666666666666666
COL,Los Pinos,NA,2021,Mujeres,Todas las edades,rural,0.29545454545454547
COL,Los Pinos,NA,2022,Mujeres,10-14,rural,0
COL,Los Pinos,NA,2022,Mujeres,15-19,rural,0.6666666666666666
COL,Los Pinos,NA,2022,Mujeres,20-34,rural,0.5
COL,Los Pinos,NA,2022,Mujeres,35-49,rural,0.16666666666666666
COL,Los Pinos,NA,2022,Mujeres,Todas las edades,rural,0.40350877192982454
COL,Los Pinos,NA,2023,Mujeres,10-14,rural,0.5
COL,Los Pinos,NA,2023,Mujeres,15-19,rural,0.6
COL,Los Pinos,NA,2023,Mujeres,20-34,rural,0.5111111111111111
COL,Los Pinos,NA,2023,Mujeres,35-49,rural,0.75
COL,Los Pinos,NA,2023,Mujeres,Todas las edades,rural,0.5616438356164384
COL,Los Pinos,NA,2024,Mujeres,10-14,rural,1
COL,Los Pinos,NA,2024,Mujeres,15-19,rural,0.7333333333333333
COL,Los Pinos,NA,2024,Mujeres,20-34,rural,0.625
COL,Los Pinos,NA,2024,Mujeres,35-49,rural,0.47058823529411764
COL,Los Pinos,NA,2024,Mujeres,Todas las edades,rural,0.6140350877192983
COL,Los Pinos,NA,2025,Mujeres,10-14,rural,0.6666666666666666
COL,Los Pinos,NA,2025,Mujeres,15-19,rural,0.7142857142857143
COL,Los Pinos,NA,2025,Mujeres,20-34,rural,0.7058823529411765
COL,Los Pinos,NA,2025,Mujeres,35-49,rural,0.6666666666666666
COL,Los Pinos,NA,2025,Mujeres,Todas las edades,rural,0.6949152542372882
COL,Los Álamos,NA,2016,Mujeres,10-14,rural,NA
COL,Los Álamos,NA,2016,Mujeres,15-19,rural,NA
COL,Los Álamos,NA,2016,Mujeres,20-34,rural,NA
COL,Los Álamos,NA,2016,Mujeres,35-49,rural,NA
COL,Los Álamos,NA,2016,Mujeres,Todas las edades,rural,NA
COL,Los Álamos,NA,2017,Mujeres,10-14,rural,NA
COL,Los Álamos,NA,2017,Mujeres,15-19,rural,NA
COL,Los Álamos,NA,2017,Mujeres,20-34,rural,NA
COL,Los Álamos,NA,2017,Mujeres,35-49,rural,NA
COL,Los Álamos,NA,2017,Mujeres,Todas las edades,rural,NA
COL,Los Álamos,NA,2018,Mujeres,10-14,rural,0.5
COL,Los Álamos,NA,2018,Mujeres,15-19,rural,0.4166666666666667
COL,Los Álamos,NA,2018,Mujeres,20-34,rural,0.34146341463414637
COL,Los Álamos,NA,2018,Mujeres,35-49,rural,0.4
COL,Los Álamos,NA,2018,Mujeres,Todas las edades,rural,0.36666666666666664
COL,Los Álamos,NA,2019,Mujeres,10-14,rural,0.2
COL,Los Álamos,NA,2019,Mujeres,15-19,rural,0.5454545454545454
COL,Los Álamos,NA,2019,Mujeres,20-34,rural,0.375
COL,Los Álamos,NA,2019,Mujeres,35-49,rural,0.2
COL,Los Álamos,NA,2019,Mujeres,Todas las edades,rural,0.3620689655172414
COL,Los Álamos,NA,2020,Mujeres,10-14,rural,0.3333333333333333
COL,Los Álamos,NA,2020,Mujeres,15-19,rural,0.21428571428571427
COL,Los Álamos,NA,2020,Mujeres,20-34,rural,0.5625
COL,Los Álamos,NA,2020,Mujeres,35-49,rural,0.3333333333333333
COL,Los Álamos,NA,2020,Mujeres,Todas las edades,rural,0.421875
COL,Los Álamos,NA,2021,Mujeres,10-14,rural,0.4
COL,Los Álamos,NA,2021,Mujeres,15-19,rural,0.26666666666666666
COL,Los Álamos,NA,2021,Mujeres,20-34,rural,0.3333333333333333
COL,Los Álamos,NA,2021,Mujeres,35-49,rural,0.5454545454545454
COL,Los Álamos,NA,2021,Mujeres,Todas las edades,rural,0.3582089552238806
COL,Los Álamos,NA,2022,Mujeres,10-14,rural,0.5
COL,Los Álamos,NA,2022,Mujeres,15-19,rural,0.26666666666666666
COL,Los Álamos,NA,2022,Mujeres,20-34,rural,0.5909090909090909
COL,Los Álamos,NA,2022,Mujeres,35-49,rural,0.5555555555555556
COL,Los Álamos,NA,2022,Mujeres,Todas las edades,rural,0.49122807017543857
COL,Los Álamos,NA,2023,Mujeres,10-14,rural,0.6666666666666666
COL,Los Álamos,NA,2023,Mujeres,15-19,rural,0.625
COL,Los Álamos,NA,2023,Mujeres,20-34,rural,0.5
COL,Los Álamos,NA,2023,Mujeres,35-49,rural,0.4
COL,Los Álamos,NA,2023,Mujeres,Todas las edades,rural,0.5098039215686274
COL,Los Álamos,NA,2024,Mujeres,10-14,rural,1
COL,Los Álamos,NA,2024,Mujeres,15-19,rural,0.5833333333333334
COL,Los Álamos,NA,2024,Mujeres,20-34,rural,0.35714285714285715
COL,Los Álamos,NA,2024,Mujeres,35-49,rural,0.6
COL,Los Álamos,NA,2024,Mujeres,Todas las edades,rural,0.5151515151515151
COL,Los Álamos,NA,2025,Mujeres,10-14,rural,0.3333333333333333
COL,Los Álamos,NA,2025,Mujeres,15-19,rural,0.6
COL,Los Álamos,NA,2025,Mujeres,20-34,rural,0.3125
COL,Los Álamos,NA,2025,Mujeres,35-49,rural,0.5714285714285714
COL,Los Álamos,NA,2025,Mujeres,Todas las edades,rural,0.41935483870967744
COL,Nueva Esperanza,NA,2016,Mujeres,10-14,periurbano,NA
COL,Nueva Esperanza,NA,2016,Mujeres,15-19,periurbano,NA
COL,Nueva Esperanza,NA,2016,Mujeres,20-34,periurbano,NA
COL,Nueva Esperanza,NA,2016,Mujeres,35-49,periurbano,NA
COL,Nueva Esperanza,NA,2016,Mujeres,Todas las edades,periurbano,NA
COL,Nueva Esperanza,NA,2017,Mujeres,10-14,periurbano,NA
COL,Nueva Esperanza,NA,2017,Mujeres,15-19,periurbano,NA
COL,Nueva Esperanza,NA,2017,Mujeres,20-34,periurbano,NA
COL,Nueva Esperanza,NA,2017,Mujeres,35-49,periurbano,NA
COL,Nueva Esperanza,NA,2017,Mujeres,Todas las edades,periurbano,NA
COL,Nueva Esperanza,NA,2018,Mujeres,10-14,periurbano,0
COL,Nueva Esperanza,NA,2018,Mujeres,15-19,periurbano,0
COL,Nueva Esperanza,NA,2018,Mujeres,20-34,periurbano,0.25
COL,Nueva Esperanza,NA,2018,Mujeres,35-49,periurbano,0.25
COL,Nueva Esperanza,NA,2018,Mujeres,Todas las edades,periurbano,0.18840579710144928
COL,Nueva Esperanza,NA,2019,Mujeres,10-14,periurbano,0
COL,Nueva Esperanza,NA,2019,Mujeres,15-19,periurbano,0.3333333333333333
COL,Nueva Esperanza,NA,2019,Mujeres,20-34,periurbano,0.2702702702702703
COL,Nueva Esperanza,NA,2019,Mujeres,35-49,periurbano,0
COL,Nueva Esperanza,NA,2019,Mujeres,Todas las edades,periurbano,0.21311475409836064
COL,Nueva Esperanza,NA,2020,Mujeres,10-14,periurbano,0.3333333333333333
COL,Nueva Esperanza,NA,2020,Mujeres,15-19,periurbano,0.23076923076923078
COL,Nueva Esperanza,NA,2020,Mujeres,20-34,periurbano,0.25806451612903225
COL,Nueva Esperanza,NA,2020,Mujeres,35-49,periurbano,0.3333333333333333
COL,Nueva Esperanza,NA,2020,Mujeres,Todas las edades,periurbano,0.2727272727272727
COL,Nueva Esperanza,NA,2021,Mujeres,10-14,periurbano,0.5
COL,Nueva Esperanza,NA,2021,Mujeres,15-19,periurbano,0.5
COL,Nueva Esperanza,NA,2021,Mujeres,20-34,periurbano,0.5161290322580645
COL,Nueva Esperanza,NA,2021,Mujeres,35-49,periurbano,0.3157894736842105
COL,Nueva Esperanza,NA,2021,Mujeres,Todas las edades,periurbano,0.45714285714285713
COL,Nueva Esperanza,NA,2022,Mujeres,10-14,periurbano,0.7142857142857143
COL,Nueva Esperanza,NA,2022,Mujeres,15-19,periurbano,0.36363636363636365
COL,Nueva Esperanza,NA,2022,Mujeres,20-34,periurbano,0.5098039215686274
COL,Nueva Esperanza,NA,2022,Mujeres,35-49,periurbano,0.55
COL,Nueva Esperanza,NA,2022,Mujeres,Todas las edades,periurbano,0.5168539325842697
COL,Nueva Esperanza,NA,2023,Mujeres,10-14,periurbano,0.2
COL,Nueva Esperanza,NA,2023,Mujeres,15-19,periurbano,0.4
COL,Nueva Esperanza,NA,2023,Mujeres,20-34,periurbano,0.5384615384615384
COL,Nueva Esperanza,NA,2023,Mujeres,35-49,periurbano,0.5238095238095238
COL,Nueva Esperanza,NA,2023,Mujeres,Todas las edades,periurbano,0.4875
COL,Nueva Esperanza,NA,2024,Mujeres,10-14,periurbano,0.3333333333333333
COL,Nueva Esperanza,NA,2024,Mujeres,15-19,periurbano,0.46153846153846156
COL,Nueva Esperanza,NA,2024,Mujeres,20-34,periurbano,0.5897435897435898
COL,Nueva Esperanza,NA,2024,Mujeres,35-49,periurbano,0.25
COL,Nueva Esperanza,NA,2024,Mujeres,Todas las edades,periurbano,0.4925373134328358
COL,Nueva Esperanza,NA,2025,Mujeres,10-14,periurbano,1
COL,Nueva Esperanza,NA,2025,Mujeres,15-19,periurbano,0.5882352941176471
COL,Nueva Esperanza,NA,2025,Mujeres,20-34,periurbano,0.7142857142857143
COL,Nueva Esperanza,NA,2025,Mujeres,35-49,periurbano,0.7894736842105263
COL,Nueva Esperanza,NA,2025,Mujeres,Todas las edades,periurbano,0.7164179104477612
COL,Nueva Vida,NA,2016,Mujeres,10-14,periurbano,NA
COL,Nueva Vida,NA,2016,Mujeres,15-19,periurbano,NA
COL,Nueva Vida,NA,2016,Mujeres,20-34,periurbano,NA
COL,Nueva Vida,NA,2016,Mujeres,35-49,periurbano,NA
COL,Nueva Vida,NA,2016,Mujeres,Todas las edades,periurbano,NA
COL,Nueva Vida,NA,2017,Mujeres,10-14,periurbano,NA
COL,Nueva Vida,NA,2017,Mujeres,15-19,periurbano,NA
COL,Nueva Vida,NA,2017,Mujeres,20-34,periurbano,NA
COL,Nueva Vida,NA,2017,Mujeres,35-49,periurbano,NA
COL,Nueva Vida,NA,2017,Mujeres,Todas las edades,periurbano,NA
COL,Nueva Vida,NA,2018,Mujeres,10-14,periurbano,0
COL,Nueva Vida,NA,2018,Mujeres,15-19,periurbano,0.1875
COL,Nueva Vida,NA,2018,Mujeres,20-34,periurbano,0.23333333333333334
COL,Nueva Vida,NA,2018,Mujeres,35-49,periurbano,0.2222222222222222
COL,Nueva Vida,NA,2018,Mujeres,Todas las edades,periurbano,0.20689655172413793
COL,Nueva Vida,NA,2019,Mujeres,10-14,periurbano,0.42857142857142855
COL,Nueva Vida,NA,2019,Mujeres,15-19,periurbano,0.14285714285714285
COL,Nueva Vida,NA,2019,Mujeres,20-34,periurbano,0.5217391304347826
COL,Nueva Vida,NA,2019,Mujeres,35-49,periurbano,0.3125
COL,Nueva Vida,NA,2019,Mujeres,Todas las edades,periurbano,0.36666666666666664
COL,Nueva Vida,NA,2020,Mujeres,10-14,periurbano,0.6
COL,Nueva Vida,NA,2020,Mujeres,15-19,periurbano,0.35294117647058826
COL,Nueva Vida,NA,2020,Mujeres,20-34,periurbano,0.14583333333333334
COL,Nueva Vida,NA,2020,Mujeres,35-49,periurbano,0.18181818181818182
COL,Nueva Vida,NA,2020,Mujeres,Todas las edades,periurbano,0.2222222222222222
COL,Nueva Vida,NA,2021,Mujeres,10-14,periurbano,0
COL,Nueva Vida,NA,2021,Mujeres,15-19,periurbano,0.3125
COL,Nueva Vida,NA,2021,Mujeres,20-34,periurbano,0.3488372093023256
COL,Nueva Vida,NA,2021,Mujeres,35-49,periurbano,0.36363636363636365
COL,Nueva Vida,NA,2021,Mujeres,Todas las edades,periurbano,0.3333333333333333
COL,Nueva Vida,NA,2022,Mujeres,10-14,periurbano,0.6666666666666666
COL,Nueva Vida,NA,2022,Mujeres,15-19,periurbano,0.5882352941176471
COL,Nueva Vida,NA,2022,Mujeres,20-34,periurbano,0.25
COL,Nueva Vida,NA,2022,Mujeres,35-49,periurbano,0.5454545454545454
COL,Nueva Vida,NA,2022,Mujeres,Todas las edades,periurbano,0.423728813559322
COL,Nueva Vida,NA,2023,Mujeres,10-14,periurbano,0.5
COL,Nueva Vida,NA,2023,Mujeres,15-19,periurbano,0.5294117647058824
COL,Nueva Vida,NA,2023,Mujeres,20-34,periurbano,0.3783783783783784
COL,Nueva Vida,NA,2023,Mujeres,35-49,periurbano,0.4375
COL,Nueva Vida,NA,2023,Mujeres,Todas las edades,periurbano,0.4305555555555556
COL,Nueva Vida,NA,2024,Mujeres,10-14,periurbano,0.5
COL,Nueva Vida,NA,2024,Mujeres,15-19,periurbano,0.6363636363636364
COL,Nueva Vida,NA,2024,Mujeres,20-34,periurbano,0.6491228070175439
COL,Nueva Vida,NA,2024,Mujeres,35-49,periurbano,0.5
COL,Nueva Vida,NA,2024,Mujeres,Todas las edades,periurbano,0.6219512195121951
COL,Nueva Vida,NA,2025,Mujeres,10-14,periurbano,1
COL,Nueva Vida,NA,2025,Mujeres,15-19,periurbano,0.5294117647058824
COL,Nueva Vida,NA,2025,Mujeres,20-34,periurbano,0.46875
COL,Nueva Vida,NA,2025,Mujeres,35-49,periurbano,0.26666666666666666
COL,Nueva Vida,NA,2025,Mujeres,Todas las edades,periurbano,0.4782608695652174
COL,Plaza del Valle,NA,2016,Mujeres,10-14,rural,NA
COL,Plaza del Valle,NA,2016,Mujeres,15-19,rural,NA
COL,Plaza del Valle,NA,2016,Mujeres,20-34,rural,NA
COL,Plaza del Valle,NA,2016,Mujeres,35-49,rural,NA
COL,Plaza del Valle,NA,2016,Mujeres,Todas las edades,rural,NA
COL,Plaza del Valle,NA,2017,Mujeres,10-14,rural,NA
COL,Plaza del Valle,NA,2017,Mujeres,15-19,rural,NA
COL,Plaza del Valle,NA,2017,Mujeres,20-34,rural,NA
COL,Plaza del Valle,NA,2017,Mujeres,35-49,rural,NA
COL,Plaza del Valle,NA,2017,Mujeres,Todas las edades,rural,NA
COL,Plaza del Valle,NA,2018,Mujeres,10-14,rural,0.75
COL,Plaza del Valle,NA,2018,Mujeres,15-19,rural,0.5
COL,Plaza del Valle,NA,2018,Mujeres,20-34,rural,0.19047619047619047
COL,Plaza del Valle,NA,2018,Mujeres,35-49,rural,0.25
COL,Plaza del Valle,NA,2018,Mujeres,Todas las edades,rural,0.3076923076923077
COL,Plaza del Valle,NA,2019,Mujeres,10-14,rural,1
COL,Plaza del Valle,NA,2019,Mujeres,15-19,rural,0.5714285714285714
COL,Plaza del Valle,NA,2019,Mujeres,20-34,rural,0.37142857142857144
COL,Plaza del Valle,NA,2019,Mujeres,35-49,rural,0.3333333333333333
COL,Plaza del Valle,NA,2019,Mujeres,Todas las edades,rural,0.40384615384615385
COL,Plaza del Valle,NA,2020,Mujeres,10-14,rural,0.16666666666666666
COL,Plaza del Valle,NA,2020,Mujeres,15-19,rural,0
COL,Plaza del Valle,NA,2020,Mujeres,20-34,rural,0.46153846153846156
COL,Plaza del Valle,NA,2020,Mujeres,35-49,rural,0.42857142857142855
COL,Plaza del Valle,NA,2020,Mujeres,Todas las edades,rural,0.325
COL,Plaza del Valle,NA,2021,Mujeres,10-14,rural,0
COL,Plaza del Valle,NA,2021,Mujeres,15-19,rural,0.6
COL,Plaza del Valle,NA,2021,Mujeres,20-34,rural,0.35714285714285715
COL,Plaza del Valle,NA,2021,Mujeres,35-49,rural,0.3333333333333333
COL,Plaza del Valle,NA,2021,Mujeres,Todas las edades,rural,0.36363636363636365
COL,Plaza del Valle,NA,2022,Mujeres,10-14,rural,0.6
COL,Plaza del Valle,NA,2022,Mujeres,15-19,rural,0
COL,Plaza del Valle,NA,2022,Mujeres,20-34,rural,0.5555555555555556
COL,Plaza del Valle,NA,2022,Mujeres,35-49,rural,0.2
COL,Plaza del Valle,NA,2022,Mujeres,Todas las edades,rural,0.4418604651162791
COL,Plaza del Valle,NA,2023,Mujeres,10-14,rural,0.5
COL,Plaza del Valle,NA,2023,Mujeres,15-19,rural,0.4
COL,Plaza del Valle,NA,2023,Mujeres,20-34,rural,0.6363636363636364
COL,Plaza del Valle,NA,2023,Mujeres,35-49,rural,0.4
COL,Plaza del Valle,NA,2023,Mujeres,Todas las edades,rural,0.5892857142857143
COL,Plaza del Valle,NA,2024,Mujeres,10-14,rural,0.5
COL,Plaza del Valle,NA,2024,Mujeres,15-19,rural,1
COL,Plaza del Valle,NA,2024,Mujeres,20-34,rural,0.7441860465116279
COL,Plaza del Valle,NA,2024,Mujeres,35-49,rural,0.6666666666666666
COL,Plaza del Valle,NA,2024,Mujeres,Todas las edades,rural,0.7464788732394366
COL,Plaza del Valle,NA,2025,Mujeres,10-14,rural,0.5
COL,Plaza del Valle,NA,2025,Mujeres,15-19,rural,0.5833333333333334
COL,Plaza del Valle,NA,2025,Mujeres,20-34,rural,0.7045454545454546
COL,Plaza del Valle,NA,2025,Mujeres,35-49,rural,0.6666666666666666
COL,Plaza del Valle,NA,2025,Mujeres,Todas las edades,rural,0.6714285714285714
COL,San Isidro,NA,2016,Mujeres,10-14,rural,NA
COL,San Isidro,NA,2016,Mujeres,15-19,rural,NA
COL,San Isidro,NA,2016,Mujeres,20-34,rural,NA
COL,San Isidro,NA,2016,Mujeres,35-49,rural,NA
COL,San Isidro,NA,2016,Mujeres,Todas las edades,rural,NA
COL,San Isidro,NA,2017,Mujeres,10-14,rural,NA
COL,San Isidro,NA,2017,Mujeres,15-19,rural,NA
COL,San Isidro,NA,2017,Mujeres,20-34,rural,NA
COL,San Isidro,NA,2017,Mujeres,35-49,rural,NA
COL,San Isidro,NA,2017,Mujeres,Todas las edades,rural,NA
COL,San Isidro,NA,2018,Mujeres,10-14,rural,0
COL,San Isidro,NA,2018,Mujeres,15-19,rural,0.26666666666666666
COL,San Isidro,NA,2018,Mujeres,20-34,rural,0.1875
COL,San Isidro,NA,2018,Mujeres,35-49,rural,0.2222222222222222
COL,San Isidro,NA,2018,Mujeres,Todas las edades,rural,0.20754716981132076
COL,San Isidro,NA,2019,Mujeres,10-14,rural,0.3333333333333333
COL,San Isidro,NA,2019,Mujeres,15-19,rural,0.4666666666666667
COL,San Isidro,NA,2019,Mujeres,20-34,rural,0.3225806451612903
COL,San Isidro,NA,2019,Mujeres,35-49,rural,0.42857142857142855
COL,San Isidro,NA,2019,Mujeres,Todas las edades,rural,0.375
COL,San Isidro,NA,2020,Mujeres,10-14,rural,1
COL,San Isidro,NA,2020,Mujeres,15-19,rural,0.5
COL,San Isidro,NA,2020,Mujeres,20-34,rural,0.35555555555555557
COL,San Isidro,NA,2020,Mujeres,35-49,rural,0.8333333333333334
COL,San Isidro,NA,2020,Mujeres,Todas las edades,rural,0.46875
COL,San Isidro,NA,2021,Mujeres,10-14,rural,0
COL,San Isidro,NA,2021,Mujeres,15-19,rural,0.7142857142857143
COL,San Isidro,NA,2021,Mujeres,20-34,rural,0.3333333333333333
COL,San Isidro,NA,2021,Mujeres,35-49,rural,0.5
COL,San Isidro,NA,2021,Mujeres,Todas las edades,rural,0.4
COL,San Isidro,NA,2022,Mujeres,10-14,rural,0.6666666666666666
COL,San Isidro,NA,2022,Mujeres,15-19,rural,0.3076923076923077
COL,San Isidro,NA,2022,Mujeres,20-34,rural,0.48717948717948717
COL,San Isidro,NA,2022,Mujeres,35-49,rural,0.5
COL,San Isidro,NA,2022,Mujeres,Todas las edades,rural,0.4696969696969697
COL,San Isidro,NA,2023,Mujeres,10-14,rural,0.5
COL,San Isidro,NA,2023,Mujeres,15-19,rural,0.8333333333333334
COL,San Isidro,NA,2023,Mujeres,20-34,rural,0.5806451612903226
COL,San Isidro,NA,2023,Mujeres,35-49,rural,0.47058823529411764
COL,San Isidro,NA,2023,Mujeres,Todas las edades,rural,0.59375
COL,San Isidro,NA,2024,Mujeres,10-14,rural,0.5
COL,San Isidro,NA,2024,Mujeres,15-19,rural,0.7142857142857143
COL,San Isidro,NA,2024,Mujeres,20-34,rural,0.5588235294117647
COL,San Isidro,NA,2024,Mujeres,35-49,rural,0.35714285714285715
COL,San Isidro,NA,2024,Mujeres,Todas las edades,rural,0.546875
COL,San Isidro,NA,2025,Mujeres,10-14,rural,1
COL,San Isidro,NA,2025,Mujeres,15-19,rural,0.5714285714285714
COL,San Isidro,NA,2025,Mujeres,20-34,rural,0.7241379310344828
COL,San Isidro,NA,2025,Mujeres,35-49,rural,0.5294117647058824
COL,San Isidro,NA,2025,Mujeres,Todas las edades,rural,0.65625
COL,San Joaquín,NA,2016,Mujeres,10-14,periurbano,NA
COL,San Joaquín,NA,2016,Mujeres,15-19,periurbano,NA
COL,San Joaquín,NA,2016,Mujeres,20-34,periurbano,NA
COL,San Joaquín,NA,2016,Mujeres,35-49,periurbano,NA
COL,San Joaquín,NA,2016,Mujeres,Todas las edades,periurbano,NA
COL,San Joaquín,NA,2017,Mujeres,10-14,periurbano,NA
COL,San Joaquín,NA,2017,Mujeres,15-19,periurbano,NA
COL,San Joaquín,NA,2017,Mujeres,20-34,periurbano,NA
COL,San Joaquín,NA,2017,Mujeres,35-49,periurbano,NA
COL,San Joaquín,NA,2017,Mujeres,Todas las edades,periurbano,NA
COL,San Joaquín,NA,2018,Mujeres,10-14,periurbano,0.3333333333333333
COL,San Joaquín,NA,2018,Mujeres,15-19,periurbano,0.2727272727272727
COL,San Joaquín,NA,2018,Mujeres,20-34,periurbano,0.19642857142857142
COL,San Joaquín,NA,2018,Mujeres,35-49,periurbano,0.13333333333333333
COL,San Joaquín,NA,2018,Mujeres,Todas las edades,periurbano,0.2
COL,San Joaquín,NA,2019,Mujeres,10-14,periurbano,0.42857142857142855
COL,San Joaquín,NA,2019,Mujeres,15-19,periurbano,0.13333333333333333
COL,San Joaquín,NA,2019,Mujeres,20-34,periurbano,0.29310344827586204
COL,San Joaquín,NA,2019,Mujeres,35-49,periurbano,0.05263157894736842
COL,San Joaquín,NA,2019,Mujeres,Todas las edades,periurbano,0.23232323232323232
COL,San Joaquín,NA,2020,Mujeres,10-14,periurbano,0
COL,San Joaquín,NA,2020,Mujeres,15-19,periurbano,0.125
COL,San Joaquín,NA,2020,Mujeres,20-34,periurbano,0.19642857142857142
COL,San Joaquín,NA,2020,Mujeres,35-49,periurbano,0.3333333333333333
COL,San Joaquín,NA,2020,Mujeres,Todas las edades,periurbano,0.20930232558139536
COL,San Joaquín,NA,2021,Mujeres,10-14,periurbano,0.2857142857142857
COL,San Joaquín,NA,2021,Mujeres,15-19,periurbano,0.07142857142857142
COL,San Joaquín,NA,2021,Mujeres,20-34,periurbano,0.2558139534883721
COL,San Joaquín,NA,2021,Mujeres,35-49,periurbano,0.4
COL,San Joaquín,NA,2021,Mujeres,Todas las edades,periurbano,0.25316455696202533
COL,San Joaquín,NA,2022,Mujeres,10-14,periurbano,1
COL,San Joaquín,NA,2022,Mujeres,15-19,periurbano,0.25
COL,San Joaquín,NA,2022,Mujeres,20-34,periurbano,0.5178571428571429
COL,San Joaquín,NA,2022,Mujeres,35-49,periurbano,0.46153846153846156
COL,San Joaquín,NA,2022,Mujeres,Todas las edades,periurbano,0.4936708860759494
COL,San Joaquín,NA,2023,Mujeres,10-14,periurbano,0.4
COL,San Joaquín,NA,2023,Mujeres,15-19,periurbano,0.3333333333333333
COL,San Joaquín,NA,2023,Mujeres,20-34,periurbano,0.5625
COL,San Joaquín,NA,2023,Mujeres,35-49,periurbano,0.6923076923076923
COL,San Joaquín,NA,2023,Mujeres,Todas las edades,periurbano,0.5425531914893617
COL,San Joaquín,NA,2024,Mujeres,10-14,periurbano,0.5
COL,San Joaquín,NA,2024,Mujeres,15-19,periurbano,0.4166666666666667
COL,San Joaquín,NA,2024,Mujeres,20-34,periurbano,0.4222222222222222
COL,San Joaquín,NA,2024,Mujeres,35-49,periurbano,0.5833333333333334
COL,San Joaquín,NA,2024,Mujeres,Todas las edades,periurbano,0.4507042253521127
COL,San Joaquín,NA,2025,Mujeres,10-14,periurbano,0.8
COL,San Joaquín,NA,2025,Mujeres,15-19,periurbano,0.42857142857142855
COL,San Joaquín,NA,2025,Mujeres,20-34,periurbano,0.5666666666666667
COL,San Joaquín,NA,2025,Mujeres,35-49,periurbano,0.6111111111111112
COL,San Joaquín,NA,2025,Mujeres,Todas las edades,periurbano,0.5671641791044776
COL,San Martín del Valle,NA,2016,Mujeres,10-14,Periurbano y rural,NA
COL,San Martín del Valle,NA,2016,Mujeres,15-19,Periurbano y rural,NA
COL,San Martín del Valle,NA,2016,Mujeres,20-34,Periurbano y rural,NA
COL,San Martín del Valle,NA,2016,Mujeres,35-49,Periurbano y rural,NA
COL,San Martín del Valle,NA,2016,Mujeres,Todas las edades,Periurbano y rural,NA
COL,San Martín del Valle,NA,2016,Mujeres,10-14,periurbano,NA
COL,San Martín del Valle,NA,2016,Mujeres,15-19,periurbano,NA
COL,San Martín del Valle,NA,2016,Mujeres,20-34,periurbano,NA
COL,San Martín del Valle,NA,2016,Mujeres,35-49,periurbano,NA
COL,San Martín del Valle,NA,2016,Mujeres,Todas las edades,periurbano,NA
COL,San Martín del Valle,NA,2016,Mujeres,10-14,rural,NA
COL,San Martín del Valle,NA,2016,Mujeres,15-19,rural,NA
COL,San Martín del Valle,NA,2016,Mujeres,20-34,rural,NA
COL,San Martín del Valle,NA,2016,Mujeres,35-49,rural,NA
COL,San Martín del Valle,NA,2016,Mujeres,Todas las edades,rural,NA
COL,San Martín del Valle,NA,2017,Mujeres,10-14,Periurbano y rural,NA
COL,San Martín del Valle,NA,2017,Mujeres,15-19,Periurbano y rural,NA
COL,San Martín del Valle,NA,2017,Mujeres,20-34,Periurbano y rural,NA
COL,San Martín del Valle,NA,2017,Mujeres,35-49,Periurbano y rural,NA
COL,San Martín del Valle,NA,2017,Mujeres,Todas las edades,Periurbano y rural,NA
COL,San Martín del Valle,NA,2017,Mujeres,10-14,periurbano,NA
COL,San Martín del Valle,NA,2017,Mujeres,15-19,periurbano,NA
COL,San Martín del Valle,NA,2017,Mujeres,20-34,periurbano,NA
COL,San Martín del Valle,NA,2017,Mujeres,35-49,periurbano,NA
COL,San Martín del Valle,NA,2017,Mujeres,Todas las edades,periurbano,NA
COL,San Martín del Valle,NA,2017,Mujeres,10-14,rural,NA
COL,San Martín del Valle,NA,2017,Mujeres,15-19,rural,NA
COL,San Martín del Valle,NA,2017,Mujeres,20-34,rural,NA
COL,San Martín del Valle,NA,2017,Mujeres,35-49,rural,NA
COL,San Martín del Valle,NA,2017,Mujeres,Todas las edades,rural,NA
COL,San Martín del Valle,NA,2018,Mujeres,10-14,Periurbano y rural,0.30526315789473685
COL,San Martín del Valle,NA,2018,Mujeres,15-19,Periurbano y rural,0.24
COL,San Martín del Valle,NA,2018,Mujeres,20-34,Periurbano y rural,0.2691588785046729
COL,San Martín del Valle,NA,2018,Mujeres,35-49,Periurbano y rural,0.22701149425287356
COL,San Martín del Valle,NA,2018,Mujeres,Todas las edades,Periurbano y rural,0.2578890097932535
COL,San Martín del Valle,NA,2018,Mujeres,10-14,periurbano,0.2127659574468085
COL,San Martín del Valle,NA,2018,Mujeres,15-19,periurbano,0.21176470588235294
COL,San Martín del Valle,NA,2018,Mujeres,20-34,periurbano,0.24242424242424243
COL,San Martín del Valle,NA,2018,Mujeres,35-49,periurbano,0.19653179190751446
COL,San Martín del Valle,NA,2018,Mujeres,Todas las edades,periurbano,0.22712933753943218
COL,San Martín del Valle,NA,2018,Mujeres,10-14,rural,0.3958333333333333
COL,San Martín del Valle,NA,2018,Mujeres,15-19,rural,0.2709677419354839
COL,San Martín del Valle,NA,2018,Mujeres,20-34,rural,0.29862475442043224
COL,San Martín del Valle,NA,2018,Mujeres,35-49,rural,0.2571428571428571
COL,San Martín del Valle,NA,2018,Mujeres,Todas las edades,rural,0.29086809470124014
COL,San Martín del Valle,NA,2019,Mujeres,10-14,Periurbano y rural,0.29411764705882354
COL,San Martín del Valle,NA,2019,Mujeres,15-19,Periurbano y rural,0.2911764705882353
COL,San Martín del Valle,NA,2019,Mujeres,20-34,Periurbano y rural,0.31666666666666665
COL,San Martín del Valle,NA,2019,Mujeres,35-49,Periurbano y rural,0.3091334894613583
COL,San Martín del Valle,NA,2019,Mujeres,Todas las edades,Periurbano y rural,0.30925737538148523
COL,San Martín del Valle,NA,2019,Mujeres,10-14,periurbano,0.2413793103448276
COL,San Martín del Valle,NA,2019,Mujeres,15-19,periurbano,0.19879518072289157
COL,San Martín del Valle,NA,2019,Mujeres,20-34,periurbano,0.28171334431630973
COL,San Martín del Valle,NA,2019,Mujeres,35-49,periurbano,0.26291079812206575
COL,San Martín del Valle,NA,2019,Mujeres,Todas las edades,periurbano,0.2624521072796935
COL,San Martín del Valle,NA,2019,Mujeres,10-14,rural,0.3442622950819672
COL,San Martín del Valle,NA,2019,Mujeres,15-19,rural,0.3793103448275862
COL,San Martín del Valle,NA,2019,Mujeres,20-34,rural,0.36152219873150104
COL,San Martín del Valle,NA,2019,Mujeres,35-49,rural,0.35514018691588783
COL,San Martín del Valle,NA,2019,Mujeres,Todas las edades,rural,0.36225596529284165
COL,San Martín del Valle,NA,2020,Mujeres,10-14,Periurbano y rural,0.31313131313131315
COL,San Martín del Valle,NA,2020,Mujeres,15-19,Periurbano y rural,0.2811594202898551
COL,San Martín del Valle,NA,2020,Mujeres,20-34,Periurbano y rural,0.29277566539923955
COL,San Martín del Valle,NA,2020,Mujeres,35-49,Periurbano y rural,0.3349875930521092
COL,San Martín del Valle,NA,2020,Mujeres,Todas las edades,Periurbano y rural,0.30068457082675093
COL,San Martín del Valle,NA,2020,Mujeres,10-14,periurbano,0.3333333333333333
COL,San Martín del Valle,NA,2020,Mujeres,15-19,periurbano,0.3258426966292135
COL,San Martín del Valle,NA,2020,Mujeres,20-34,periurbano,0.24956369982547993
COL,San Martín del Valle,NA,2020,Mujeres,35-49,periurbano,0.2623762376237624
COL,San Martín del Valle,NA,2020,Mujeres,Todas las edades,periurbano,0.2699203187250996
COL,San Martín del Valle,NA,2020,Mujeres,10-14,rural,0.2916666666666667
COL,San Martín del Valle,NA,2020,Mujeres,15-19,rural,0.23353293413173654
COL,San Martín del Valle,NA,2020,Mujeres,20-34,rural,0.3444676409185804
COL,San Martín del Valle,NA,2020,Mujeres,35-49,rural,0.4079601990049751
COL,San Martín del Valle,NA,2020,Mujeres,Todas las edades,rural,0.33519553072625696
COL,San Martín del Valle,NA,2021,Mujeres,10-14,Periurbano y rural,0.37037037037037035
COL,San Martín del Valle,NA,2021,Mujeres,15-19,Periurbano y rural,0.34838709677419355
COL,San Martín del Valle,NA,2021,Mujeres,20-34,Periurbano y rural,0.3662628145386766
COL,San Martín del Valle,NA,2021,Mujeres,35-49,Periurbano y rural,0.3525835866261398
COL,San Martín del Valle,NA,2021,Mujeres,Todas las edades,Periurbano y rural,0.360989010989011
COL,San Martín del Valle,NA,2021,Mujeres,10-14,periurbano,0.36065573770491804
COL,San Martín del Valle,NA,2021,Mujeres,15-19,periurbano,0.3373493975903614
COL,San Martín del Valle,NA,2021,Mujeres,20-34,periurbano,0.3465346534653465
COL,San Martín del Valle,NA,2021,Mujeres,35-49,periurbano,0.2909090909090909
COL,San Martín del Valle,NA,2021,Mujeres,Todas las edades,periurbano,0.3366733466933868
COL,San Martín del Valle,NA,2021,Mujeres,10-14,rural,0.3829787234042553
COL,San Martín del Valle,NA,2021,Mujeres,15-19,rural,0.3611111111111111
COL,San Martín del Valle,NA,2021,Mujeres,20-34,rural,0.39186295503211993
COL,San Martín del Valle,NA,2021,Mujeres,35-49,rural,0.4146341463414634
COL,San Martín del Valle,NA,2021,Mujeres,Todas las edades,rural,0.3905109489051095
COL,San Martín del Valle,NA,2022,Mujeres,10-14,Periurbano y rural,0.4838709677419355
COL,San Martín del Valle,NA,2022,Mujeres,15-19,Periurbano y rural,0.4482758620689655
COL,San Martín del Valle,NA,2022,Mujeres,20-34,Periurbano y rural,0.45561594202898553
COL,San Martín del Valle,NA,2022,Mujeres,35-49,Periurbano y rural,0.4375
COL,San Martín del Valle,NA,2022,Mujeres,Todas las edades,Periurbano y rural,0.4524910118130457
COL,San Martín del Valle,NA,2022,Mujeres,10-14,periurbano,0.4925373134328358
COL,San Martín del Valle,NA,2022,Mujeres,15-19,periurbano,0.45569620253164556
COL,San Martín del Valle,NA,2022,Mujeres,20-34,periurbano,0.43197278911564624
COL,San Martín del Valle,NA,2022,Mujeres,35-49,periurbano,0.431924882629108
COL,San Martín del Valle,NA,2022,Mujeres,Todas las edades,periurbano,0.4395711500974659
COL,San Martín del Valle,NA,2022,Mujeres,10-14,rural,0.47368421052631576
COL,San Martín del Valle,NA,2022,Mujeres,15-19,rural,0.4409937888198758
COL,San Martín del Valle,NA,2022,Mujeres,20-34,rural,0.48255813953488375
COL,San Martín del Valle,NA,2022,Mujeres,35-49,rural,0.44385026737967914
COL,San Martín del Valle,NA,2022,Mujeres,Todas las edades,rural,0.46688382193268185
COL,San Martín del Valle,NA,2023,Mujeres,10-14,Periurbano y rural,0.42105263157894735
COL,San Martín del Valle,NA,2023,Mujeres,15-19,Periurbano y rural,0.5727272727272728
COL,San Martín del Valle,NA,2023,Mujeres,20-34,Periurbano y rural,0.5190380761523046
COL,San Martín del Valle,NA,2023,Mujeres,35-49,Periurbano y rural,0.5071090047393365
COL,San Martín del Valle,NA,2023,Mujeres,Todas las edades,Periurbano y rural,0.5198497854077253
COL,San Martín del Valle,NA,2023,Mujeres,10-14,periurbano,0.33962264150943394
COL,San Martín del Valle,NA,2023,Mujeres,15-19,periurbano,0.5333333333333333
COL,San Martín del Valle,NA,2023,Mujeres,20-34,periurbano,0.50177304964539
COL,San Martín del Valle,NA,2023,Mujeres,35-49,periurbano,0.5021459227467812
COL,San Martín del Valle,NA,2023,Mujeres,Todas las edades,periurbano,0.49852216748768474
COL,San Martín del Valle,NA,2023,Mujeres,10-14,rural,0.4918032786885246
COL,San Martín del Valle,NA,2023,Mujeres,15-19,rural,0.6121212121212121
COL,San Martín del Valle,NA,2023,Mujeres,20-34,rural,0.5414746543778802
COL,San Martín del Valle,NA,2023,Mujeres,35-49,rural,0.5132275132275133
COL,San Martín del Valle,NA,2023,Mujeres,Todas las edades,rural,0.5453474676089517
COL,San Martín del Valle,NA,2024,Mujeres,10-14,Periurbano y rural,0.5760869565217391
COL,San Martín del Valle,NA,2024,Mujeres,15-19,Periurbano y rural,0.5661538461538461
COL,San Martín del Valle,NA,2024,Mujeres,20-34,Periurbano y rural,0.5578842315369261
COL,San Martín del Valle,NA,2024,Mujeres,35-49,Periurbano y rural,0.5390625
COL,San Martín del Valle,NA,2024,Mujeres,Todas las edades,Periurbano y rural,0.5562950637825845
COL,San Martín del Valle,NA,2024,Mujeres,10-14,periurbano,0.4888888888888889
COL,San Martín del Valle,NA,2024,Mujeres,15-19,periurbano,0.49390243902439024
COL,San Martín del Valle,NA,2024,Mujeres,20-34,periurbano,0.5329861111111112
COL,San Martín del Valle,NA,2024,Mujeres,35-49,periurbano,0.4925373134328358
COL,San Martín del Valle,NA,2024,Mujeres,Todas las edades,periurbano,0.5162271805273834
COL,San Martín del Valle,NA,2024,Mujeres,10-14,rural,0.6595744680851063
COL,San Martín del Valle,NA,2024,Mujeres,15-19,rural,0.639751552795031
COL,San Martín del Valle,NA,2024,Mujeres,20-34,rural,0.5915492957746479
COL,San Martín del Valle,NA,2024,Mujeres,35-49,rural,0.5901639344262295
COL,San Martín del Valle,NA,2024,Mujeres,Todas las edades,rural,0.6046511627906976
COL,San Martín del Valle,NA,2025,Mujeres,10-14,Periurbano y rural,0.6915887850467289
COL,San Martín del Valle,NA,2025,Mujeres,15-19,Periurbano y rural,0.5845697329376854
COL,San Martín del Valle,NA,2025,Mujeres,20-34,Periurbano y rural,0.5919421487603306
COL,San Martín del Valle,NA,2025,Mujeres,35-49,Periurbano y rural,0.6063829787234043
COL,San Martín del Valle,NA,2025,Mujeres,Todas las edades,Periurbano y rural,0.5995525727069351
COL,San Martín del Valle,NA,2025,Mujeres,10-14,periurbano,0.6545454545454545
COL,San Martín del Valle,NA,2025,Mujeres,15-19,periurbano,0.5416666666666666
COL,San Martín del Valle,NA,2025,Mujeres,20-34,periurbano,0.54
COL,San Martín del Valle,NA,2025,Mujeres,35-49,periurbano,0.5566502463054187
COL,San Martín del Valle,NA,2025,Mujeres,Todas las edades,periurbano,0.5513698630136986
COL,San Martín del Valle,NA,2025,Mujeres,10-14,rural,0.7307692307692307
COL,San Martín del Valle,NA,2025,Mujeres,15-19,rural,0.6272189349112426
COL,San Martín del Valle,NA,2025,Mujeres,20-34,rural,0.637065637065637
COL,San Martín del Valle,NA,2025,Mujeres,35-49,rural,0.6647398843930635
COL,San Martín del Valle,NA,2025,Mujeres,Todas las edades,rural,0.6458333333333334
COL,Santa Ana,NA,2016,Mujeres,10-14,rural,NA
COL,Santa Ana,NA,2016,Mujeres,15-19,rural,NA
COL,Santa Ana,NA,2016,Mujeres,20-34,rural,NA
COL,Santa Ana,NA,2016,Mujeres,35-49,rural,NA
COL,Santa Ana,NA,2016,Mujeres,Todas las edades,rural,NA
COL,Santa Ana,NA,2017,Mujeres,10-14,rural,NA
COL,Santa Ana,NA,2017,Mujeres,15-19,rural,NA
COL,Santa Ana,NA,2017,Mujeres,20-34,rural,NA
COL,Santa Ana,NA,2017,Mujeres,35-49,rural,NA
COL,Santa Ana,NA,2017,Mujeres,Todas las edades,rural,NA
COL,Santa Ana,NA,2018,Mujeres,10-14,rural,0.6
COL,Santa Ana,NA,2018,Mujeres,15-19,rural,0.25
COL,Santa Ana,NA,2018,Mujeres,20-34,rural,0.3023255813953488
COL,Santa Ana,NA,2018,Mujeres,35-49,rural,0.2857142857142857
COL,Santa Ana,NA,2018,Mujeres,Todas las edades,rural,0.31746031746031744
COL,Santa Ana,NA,2019,Mujeres,10-14,rural,0.5
COL,Santa Ana,NA,2019,Mujeres,15-19,rural,0.16666666666666666
COL,Santa Ana,NA,2019,Mujeres,20-34,rural,0.3125
COL,Santa Ana,NA,2019,Mujeres,35-49,rural,0.2777777777777778
COL,Santa Ana,NA,2019,Mujeres,Todas las edades,rural,0.2708333333333333
COL,Santa Ana,NA,2020,Mujeres,10-14,rural,0
COL,Santa Ana,NA,2020,Mujeres,15-19,rural,0.13333333333333333
COL,Santa Ana,NA,2020,Mujeres,20-34,rural,0.3
COL,Santa Ana,NA,2020,Mujeres,35-49,rural,0.5
COL,Santa Ana,NA,2020,Mujeres,Todas las edades,rural,0.2676056338028169
COL,Santa Ana,NA,2021,Mujeres,10-14,rural,1
COL,Santa Ana,NA,2021,Mujeres,15-19,rural,0.2
COL,Santa Ana,NA,2021,Mujeres,20-34,rural,0.4444444444444444
COL,Santa Ana,NA,2021,Mujeres,35-49,rural,0.625
COL,Santa Ana,NA,2021,Mujeres,Todas las edades,rural,0.4473684210526316
COL,Santa Ana,NA,2022,Mujeres,10-14,rural,0
COL,Santa Ana,NA,2022,Mujeres,15-19,rural,0.5
COL,Santa Ana,NA,2022,Mujeres,20-34,rural,0.46511627906976744
COL,Santa Ana,NA,2022,Mujeres,35-49,rural,0.8
COL,Santa Ana,NA,2022,Mujeres,Todas las edades,rural,0.484375
COL,Santa Ana,NA,2023,Mujeres,10-14,rural,0.5
COL,Santa Ana,NA,2023,Mujeres,15-19,rural,0.5
COL,Santa Ana,NA,2023,Mujeres,20-34,rural,0.48148148148148145
COL,Santa Ana,NA,2023,Mujeres,35-49,rural,0.25
COL,Santa Ana,NA,2023,Mujeres,Todas las edades,rural,0.45098039215686275
COL,Santa Ana,NA,2024,Mujeres,10-14,rural,0.8333333333333334
COL,Santa Ana,NA,2024,Mujeres,15-19,rural,0.4666666666666667
COL,Santa Ana,NA,2024,Mujeres,20-34,rural,0.6470588235294118
COL,Santa Ana,NA,2024,Mujeres,35-49,rural,0.3333333333333333
COL,Santa Ana,NA,2024,Mujeres,Todas las edades,rural,0.5681818181818182
COL,Santa Ana,NA,2025,Mujeres,10-14,rural,0.6
COL,Santa Ana,NA,2025,Mujeres,15-19,rural,0.7272727272727273
COL,Santa Ana,NA,2025,Mujeres,20-34,rural,0.7857142857142857
COL,Santa Ana,NA,2025,Mujeres,35-49,rural,0.75
COL,Santa Ana,NA,2025,Mujeres,Todas las edades,rural,0.7368421052631579
COL,Santa Elena,NA,2016,Mujeres,10-14,periurbano,NA
COL,Santa Elena,NA,2016,Mujeres,15-19,periurbano,NA
COL,Santa Elena,NA,2016,Mujeres,20-34,periurbano,NA
COL,Santa Elena,NA,2016,Mujeres,35-49,periurbano,NA
COL,Santa Elena,NA,2016,Mujeres,Todas las edades,periurbano,NA
COL,Santa Elena,NA,2017,Mujeres,10-14,periurbano,NA
COL,Santa Elena,NA,2017,Mujeres,15-19,periurbano,NA
COL,Santa Elena,NA,2017,Mujeres,20-34,periurbano,NA
COL,Santa Elena,NA,2017,Mujeres,35-49,periurbano,NA
COL,Santa Elena,NA,2017,Mujeres,Todas las edades,periurbano,NA
COL,Santa Elena,NA,2018,Mujeres,10-14,periurbano,0.16666666666666666
COL,Santa Elena,NA,2018,Mujeres,15-19,periurbano,0.25
COL,Santa Elena,NA,2018,Mujeres,20-34,periurbano,0.2727272727272727
COL,Santa Elena,NA,2018,Mujeres,35-49,periurbano,0.09090909090909091
COL,Santa Elena,NA,2018,Mujeres,Todas las edades,periurbano,0.23376623376623376
COL,Santa Elena,NA,2019,Mujeres,10-14,periurbano,0.2
COL,Santa Elena,NA,2019,Mujeres,15-19,periurbano,0.375
COL,Santa Elena,NA,2019,Mujeres,20-34,periurbano,0.3333333333333333
COL,Santa Elena,NA,2019,Mujeres,35-49,periurbano,0.47619047619047616
COL,Santa Elena,NA,2019,Mujeres,Todas las edades,periurbano,0.36363636363636365
COL,Santa Elena,NA,2020,Mujeres,10-14,periurbano,0.6
COL,Santa Elena,NA,2020,Mujeres,15-19,periurbano,0.3333333333333333
COL,Santa Elena,NA,2020,Mujeres,20-34,periurbano,0.2727272727272727
COL,Santa Elena,NA,2020,Mujeres,35-49,periurbano,0.1111111111111111
COL,Santa Elena,NA,2020,Mujeres,Todas las edades,periurbano,0.28888888888888886
COL,Santa Elena,NA,2021,Mujeres,10-14,periurbano,0.6666666666666666
COL,Santa Elena,NA,2021,Mujeres,15-19,periurbano,0.4166666666666667
COL,Santa Elena,NA,2021,Mujeres,20-34,periurbano,0.3
COL,Santa Elena,NA,2021,Mujeres,35-49,periurbano,0.2222222222222222
COL,Santa Elena,NA,2021,Mujeres,Todas las edades,periurbano,0.3333333333333333
COL,Santa Elena,NA,2022,Mujeres,10-14,periurbano,0.3333333333333333
COL,Santa Elena,NA,2022,Mujeres,15-19,periurbano,0.25
COL,Santa Elena,NA,2022,Mujeres,20-34,periurbano,0.43478260869565216
COL,Santa Elena,NA,2022,Mujeres,35-49,periurbano,0.5
COL,Santa Elena,NA,2022,Mujeres,Todas las edades,periurbano,0.4
COL,Santa Elena,NA,2023,Mujeres,10-14,periurbano,0
COL,Santa Elena,NA,2023,Mujeres,15-19,periurbano,0.6666666666666666
COL,Santa Elena,NA,2023,Mujeres,20-34,periurbano,0.5172413793103449
COL,Santa Elena,NA,2023,Mujeres,35-49,periurbano,0.5
COL,Santa Elena,NA,2023,Mujeres,Todas las edades,periurbano,0.5
COL,Santa Elena,NA,2024,Mujeres,10-14,periurbano,0.5
COL,Santa Elena,NA,2024,Mujeres,15-19,periurbano,0.5
COL,Santa Elena,NA,2024,Mujeres,20-34,periurbano,0.5873015873015873
COL,Santa Elena,NA,2024,Mujeres,35-49,periurbano,0.47058823529411764
COL,Santa Elena,NA,2024,Mujeres,Todas las edades,periurbano,0.5531914893617021
COL,Santa Elena,NA,2025,Mujeres,10-14,periurbano,0.42857142857142855
COL,Santa Elena,NA,2025,Mujeres,15-19,periurbano,0.75
COL,Santa Elena,NA,2025,Mujeres,20-34,periurbano,0.43478260869565216
COL,Santa Elena,NA,2025,Mujeres,35-49,periurbano,0.75
COL,Santa Elena,NA,2025,Mujeres,Todas las edades,periurbano,0.5434782608695652
COL,Santa Lucía,NA,2016,Mujeres,10-14,rural,NA
COL,Santa Lucía,NA,2016,Mujeres,15-19,rural,NA
COL,Santa Lucía,NA,2016,Mujeres,20-34,rural,NA
COL,Santa Lucía,NA,2016,Mujeres,35-49,rural,NA
COL,Santa Lucía,NA,2016,Mujeres,Todas las edades,rural,NA
COL,Santa Lucía,NA,2017,Mujeres,10-14,rural,NA
COL,Santa Lucía,NA,2017,Mujeres,15-19,rural,NA
COL,Santa Lucía,NA,2017,Mujeres,20-34,rural,NA
COL,Santa Lucía,NA,2017,Mujeres,35-49,rural,NA
COL,Santa Lucía,NA,2017,Mujeres,Todas las edades,rural,NA
COL,Santa Lucía,NA,2018,Mujeres,10-14,rural,0
COL,Santa Lucía,NA,2018,Mujeres,15-19,rural,0.375
COL,Santa Lucía,NA,2018,Mujeres,20-34,rural,0.22857142857142856
COL,Santa Lucía,NA,2018,Mujeres,35-49,rural,0.1111111111111111
COL,Santa Lucía,NA,2018,Mujeres,Todas las edades,rural,0.2222222222222222
COL,Santa Lucía,NA,2019,Mujeres,10-14,rural,1
COL,Santa Lucía,NA,2019,Mujeres,15-19,rural,0.2857142857142857
COL,Santa Lucía,NA,2019,Mujeres,20-34,rural,0.3076923076923077
COL,Santa Lucía,NA,2019,Mujeres,35-49,rural,0.4
COL,Santa Lucía,NA,2019,Mujeres,Todas las edades,rural,0.3384615384615385
COL,Santa Lucía,NA,2020,Mujeres,10-14,rural,1
COL,Santa Lucía,NA,2020,Mujeres,15-19,rural,0.4
COL,Santa Lucía,NA,2020,Mujeres,20-34,rural,0.2857142857142857
COL,Santa Lucía,NA,2020,Mujeres,35-49,rural,0.8571428571428571
COL,Santa Lucía,NA,2020,Mujeres,Todas las edades,rural,0.4318181818181818
COL,Santa Lucía,NA,2021,Mujeres,10-14,rural,1
COL,Santa Lucía,NA,2021,Mujeres,15-19,rural,0.4
COL,Santa Lucía,NA,2021,Mujeres,20-34,rural,0.4666666666666667
COL,Santa Lucía,NA,2021,Mujeres,35-49,rural,0.3333333333333333
COL,Santa Lucía,NA,2021,Mujeres,Todas las edades,rural,0.43333333333333335
COL,Santa Lucía,NA,2022,Mujeres,10-14,rural,0.6
COL,Santa Lucía,NA,2022,Mujeres,15-19,rural,0.5714285714285714
COL,Santa Lucía,NA,2022,Mujeres,20-34,rural,0.4634146341463415
COL,Santa Lucía,NA,2022,Mujeres,35-49,rural,0.6
COL,Santa Lucía,NA,2022,Mujeres,Todas las edades,rural,0.5142857142857142
COL,Santa Lucía,NA,2023,Mujeres,10-14,rural,1
COL,Santa Lucía,NA,2023,Mujeres,15-19,rural,0.7142857142857143
COL,Santa Lucía,NA,2023,Mujeres,20-34,rural,0.5714285714285714
COL,Santa Lucía,NA,2023,Mujeres,35-49,rural,0.5833333333333334
COL,Santa Lucía,NA,2023,Mujeres,Todas las edades,rural,0.6285714285714286
COL,Santa Lucía,NA,2024,Mujeres,10-14,rural,1
COL,Santa Lucía,NA,2024,Mujeres,15-19,rural,0.6428571428571429
COL,Santa Lucía,NA,2024,Mujeres,20-34,rural,0.6136363636363636
COL,Santa Lucía,NA,2024,Mujeres,35-49,rural,0.5
COL,Santa Lucía,NA,2024,Mujeres,Todas las edades,rural,0.6
COL,Santa Lucía,NA,2025,Mujeres,10-14,rural,0
COL,Santa Lucía,NA,2025,Mujeres,15-19,rural,0.5384615384615384
COL,Santa Lucía,NA,2025,Mujeres,20-34,rural,0.6
COL,Santa Lucía,NA,2025,Mujeres,35-49,rural,0.8333333333333334
COL,Santa Lucía,NA,2025,Mujeres,Todas las edades,rural,0.5853658536585366
COL,Santa Rosa,NA,2016,Mujeres,10-14,periurbano,NA
COL,Santa Rosa,NA,2016,Mujeres,15-19,periurbano,NA
COL,Santa Rosa,NA,2016,Mujeres,20-34,periurbano,NA
COL,Santa Rosa,NA,2016,Mujeres,35-49,periurbano,NA
COL,Santa Rosa,NA,2016,Mujeres,Todas las edades,periurbano,NA
COL,Santa Rosa,NA,2017,Mujeres,10-14,periurbano,NA
COL,Santa Rosa,NA,2017,Mujeres,15-19,periurbano,NA
COL,Santa Rosa,NA,2017,Mujeres,20-34,periurbano,NA
COL,Santa Rosa,NA,2017,Mujeres,35-49,periurbano,NA
COL,Santa Rosa,NA,2017,Mujeres,Todas las edades,periurbano,NA
COL,Santa Rosa,NA,2018,Mujeres,10-14,periurbano,0.5
COL,Santa Rosa,NA,2018,Mujeres,15-19,periurbano,0.2727272727272727
COL,Santa Rosa,NA,2018,Mujeres,20-34,periurbano,0.25
COL,Santa Rosa,NA,2018,Mujeres,35-49,periurbano,0.18181818181818182
COL,Santa Rosa,NA,2018,Mujeres,Todas las edades,periurbano,0.25
COL,Santa Rosa,NA,2019,Mujeres,10-14,periurbano,0.2
COL,Santa Rosa,NA,2019,Mujeres,15-19,periurbano,0.15384615384615385
COL,Santa Rosa,NA,2019,Mujeres,20-34,periurbano,0.2631578947368421
COL,Santa Rosa,NA,2019,Mujeres,35-49,periurbano,0.2727272727272727
COL,Santa Rosa,NA,2019,Mujeres,Todas las edades,periurbano,0.24358974358974358
COL,Santa Rosa,NA,2020,Mujeres,10-14,periurbano,0
COL,Santa Rosa,NA,2020,Mujeres,15-19,periurbano,0.375
COL,Santa Rosa,NA,2020,Mujeres,20-34,periurbano,0.2765957446808511
COL,Santa Rosa,NA,2020,Mujeres,35-49,periurbano,0.3157894736842105
COL,Santa Rosa,NA,2020,Mujeres,Todas las edades,periurbano,0.29411764705882354
COL,Santa Rosa,NA,2021,Mujeres,10-14,periurbano,0.2857142857142857
COL,Santa Rosa,NA,2021,Mujeres,15-19,periurbano,0.3076923076923077
COL,Santa Rosa,NA,2021,Mujeres,20-34,periurbano,0.3870967741935484
COL,Santa Rosa,NA,2021,Mujeres,35-49,periurbano,0.3076923076923077
COL,Santa Rosa,NA,2021,Mujeres,Todas las edades,periurbano,0.35789473684210527
COL,Santa Rosa,NA,2022,Mujeres,10-14,periurbano,0.5
COL,Santa Rosa,NA,2022,Mujeres,15-19,periurbano,0.3
COL,Santa Rosa,NA,2022,Mujeres,20-34,periurbano,0.4666666666666667
COL,Santa Rosa,NA,2022,Mujeres,35-49,periurbano,0.3333333333333333
COL,Santa Rosa,NA,2022,Mujeres,Todas las edades,periurbano,0.422680412371134
COL,Santa Rosa,NA,2023,Mujeres,10-14,periurbano,0.6666666666666666
COL,Santa Rosa,NA,2023,Mujeres,15-19,periurbano,0.5625
COL,Santa Rosa,NA,2023,Mujeres,20-34,periurbano,0.5
COL,Santa Rosa,NA,2023,Mujeres,35-49,periurbano,0.5714285714285714
COL,Santa Rosa,NA,2023,Mujeres,Todas las edades,periurbano,0.5274725274725275
COL,Santa Rosa,NA,2024,Mujeres,10-14,periurbano,0.7142857142857143
COL,Santa Rosa,NA,2024,Mujeres,15-19,periurbano,0.4444444444444444
COL,Santa Rosa,NA,2024,Mujeres,20-34,periurbano,0.55
COL,Santa Rosa,NA,2024,Mujeres,35-49,periurbano,0.6470588235294118
COL,Santa Rosa,NA,2024,Mujeres,Todas las edades,periurbano,0.5609756097560976
COL,Santa Rosa,NA,2025,Mujeres,10-14,periurbano,0.5
COL,Santa Rosa,NA,2025,Mujeres,15-19,periurbano,0.5555555555555556
COL,Santa Rosa,NA,2025,Mujeres,20-34,periurbano,0.56
COL,Santa Rosa,NA,2025,Mujeres,35-49,periurbano,0.7777777777777778
COL,Santa Rosa,NA,2025,Mujeres,Todas las edades,periurbano,0.6296296296296297
COL,Villa Esperanza,NA,2016,Mujeres,10-14,rural,NA
COL,Villa Esperanza,NA,2016,Mujeres,15-19,rural,NA
COL,Villa Esperanza,NA,2016,Mujeres,20-34,rural,NA
COL,Villa Esperanza,NA,2016,Mujeres,35-49,rural,NA
COL,Villa Esperanza,NA,2016,Mujeres,Todas las edades,rural,NA
COL,Villa Esperanza,NA,2017,Mujeres,10-14,rural,NA
COL,Villa Esperanza,NA,2017,Mujeres,15-19,rural,NA
COL,Villa Esperanza,NA,2017,Mujeres,20-34,rural,NA
COL,Villa Esperanza,NA,2017,Mujeres,35-49,rural,NA
COL,Villa Esperanza,NA,2017,Mujeres,Todas las edades,rural,NA
COL,Villa Esperanza,NA,2018,Mujeres,10-14,rural,0.4
COL,Villa Esperanza,NA,2018,Mujeres,15-19,rural,0.1111111111111111
COL,Villa Esperanza,NA,2018,Mujeres,20-34,rural,0.21621621621621623
COL,Villa Esperanza,NA,2018,Mujeres,35-49,rural,0.17647058823529413
COL,Villa Esperanza,NA,2018,Mujeres,Todas las edades,rural,0.20588235294117646
COL,Villa Esperanza,NA,2019,Mujeres,10-14,rural,0
COL,Villa Esperanza,NA,2019,Mujeres,15-19,rural,0.16666666666666666
COL,Villa Esperanza,NA,2019,Mujeres,20-34,rural,0.2857142857142857
COL,Villa Esperanza,NA,2019,Mujeres,35-49,rural,0.14285714285714285
COL,Villa Esperanza,NA,2019,Mujeres,Todas las edades,rural,0.22448979591836735
COL,Villa Esperanza,NA,2020,Mujeres,10-14,rural,0
COL,Villa Esperanza,NA,2020,Mujeres,15-19,rural,0.5714285714285714
COL,Villa Esperanza,NA,2020,Mujeres,20-34,rural,0.35
COL,Villa Esperanza,NA,2020,Mujeres,35-49,rural,0.36363636363636365
COL,Villa Esperanza,NA,2020,Mujeres,Todas las edades,rural,0.38461538461538464
COL,Villa Esperanza,NA,2021,Mujeres,10-14,rural,0.3333333333333333
COL,Villa Esperanza,NA,2021,Mujeres,15-19,rural,0.2222222222222222
COL,Villa Esperanza,NA,2021,Mujeres,20-34,rural,0.47368421052631576
COL,Villa Esperanza,NA,2021,Mujeres,35-49,rural,0.2222222222222222
COL,Villa Esperanza,NA,2021,Mujeres,Todas las edades,rural,0.3898305084745763
COL,Villa Esperanza,NA,2022,Mujeres,10-14,rural,0.75
COL,Villa Esperanza,NA,2022,Mujeres,15-19,rural,0.375
COL,Villa Esperanza,NA,2022,Mujeres,20-34,rural,0.5111111111111111
COL,Villa Esperanza,NA,2022,Mujeres,35-49,rural,0.5555555555555556
COL,Villa Esperanza,NA,2022,Mujeres,Todas las edades,rural,0.52
COL,Villa Esperanza,NA,2023,Mujeres,10-14,rural,0.5
COL,Villa Esperanza,NA,2023,Mujeres,15-19,rural,0.6666666666666666
COL,Villa Esperanza,NA,2023,Mujeres,20-34,rural,0.48148148148148145
COL,Villa Esperanza,NA,2023,Mujeres,35-49,rural,0.42857142857142855
COL,Villa Esperanza,NA,2023,Mujeres,Todas las edades,rural,0.5
COL,Villa Esperanza,NA,2024,Mujeres,10-14,rural,1
COL,Villa Esperanza,NA,2024,Mujeres,15-19,rural,0.6363636363636364
COL,Villa Esperanza,NA,2024,Mujeres,20-34,rural,0.6153846153846154
COL,Villa Esperanza,NA,2024,Mujeres,35-49,rural,0.6666666666666666
COL,Villa Esperanza,NA,2024,Mujeres,Todas las edades,rural,0.6486486486486487
COL,Villa Esperanza,NA,2025,Mujeres,10-14,rural,1
COL,Villa Esperanza,NA,2025,Mujeres,15-19,rural,0.5454545454545454
COL,Villa Esperanza,NA,2025,Mujeres,20-34,rural,0.7105263157894737
COL,Villa Esperanza,NA,2025,Mujeres,35-49,rural,0.75
COL,Villa Esperanza,NA,2025,Mujeres,Todas las edades,rural,0.6935483870967742
COL,Villa Norte,NA,2016,Mujeres,10-14,periurbano,NA
COL,Villa Norte,NA,2016,Mujeres,15-19,periurbano,NA
COL,Villa Norte,NA,2016,Mujeres,20-34,periurbano,NA
COL,Villa Norte,NA,2016,Mujeres,35-49,periurbano,NA
COL,Villa Norte,NA,2016,Mujeres,Todas las edades,periurbano,NA
COL,Villa Norte,NA,2017,Mujeres,10-14,periurbano,NA
COL,Villa Norte,NA,2017,Mujeres,15-19,periurbano,NA
COL,Villa Norte,NA,2017,Mujeres,20-34,periurbano,NA
COL,Villa Norte,NA,2017,Mujeres,35-49,periurbano,NA
COL,Villa Norte,NA,2017,Mujeres,Todas las edades,periurbano,NA
COL,Villa Norte,NA,2018,Mujeres,10-14,periurbano,0
COL,Villa Norte,NA,2018,Mujeres,15-19,periurbano,0.1
COL,Villa Norte,NA,2018,Mujeres,20-34,periurbano,0.26666666666666666
COL,Villa Norte,NA,2018,Mujeres,35-49,periurbano,0.2
COL,Villa Norte,NA,2018,Mujeres,Todas las edades,periurbano,0.21052631578947367
COL,Villa Norte,NA,2019,Mujeres,10-14,periurbano,0
COL,Villa Norte,NA,2019,Mujeres,15-19,periurbano,0.2
COL,Villa Norte,NA,2019,Mujeres,20-34,periurbano,0.32142857142857145
COL,Villa Norte,NA,2019,Mujeres,35-49,periurbano,0.3
COL,Villa Norte,NA,2019,Mujeres,Todas las edades,periurbano,0.2891566265060241
COL,Villa Norte,NA,2020,Mujeres,10-14,periurbano,0.3333333333333333
COL,Villa Norte,NA,2020,Mujeres,15-19,periurbano,0.25
COL,Villa Norte,NA,2020,Mujeres,20-34,periurbano,0.3333333333333333
COL,Villa Norte,NA,2020,Mujeres,35-49,periurbano,0.2727272727272727
COL,Villa Norte,NA,2020,Mujeres,Todas las edades,periurbano,0.2972972972972973
COL,Villa Norte,NA,2021,Mujeres,10-14,periurbano,0.25
COL,Villa Norte,NA,2021,Mujeres,15-19,periurbano,0.3076923076923077
COL,Villa Norte,NA,2021,Mujeres,20-34,periurbano,0.36666666666666664
COL,Villa Norte,NA,2021,Mujeres,35-49,periurbano,0.18181818181818182
COL,Villa Norte,NA,2021,Mujeres,Todas las edades,periurbano,0.3103448275862069
COL,Villa Norte,NA,2022,Mujeres,10-14,periurbano,0
COL,Villa Norte,NA,2022,Mujeres,15-19,periurbano,0.7
COL,Villa Norte,NA,2022,Mujeres,20-34,periurbano,0.4117647058823529
COL,Villa Norte,NA,2022,Mujeres,35-49,periurbano,0.5882352941176471
COL,Villa Norte,NA,2022,Mujeres,Todas las edades,periurbano,0.4691358024691358
COL,Villa Norte,NA,2023,Mujeres,10-14,periurbano,0.25
COL,Villa Norte,NA,2023,Mujeres,15-19,periurbano,0.7272727272727273
COL,Villa Norte,NA,2023,Mujeres,20-34,periurbano,0.47619047619047616
COL,Villa Norte,NA,2023,Mujeres,35-49,periurbano,0.4090909090909091
COL,Villa Norte,NA,2023,Mujeres,Todas las edades,periurbano,0.4810126582278481
COL,Villa Norte,NA,2024,Mujeres,10-14,periurbano,0
COL,Villa Norte,NA,2024,Mujeres,15-19,periurbano,0.3333333333333333
COL,Villa Norte,NA,2024,Mujeres,20-34,periurbano,0.5517241379310345
COL,Villa Norte,NA,2024,Mujeres,35-49,periurbano,0.3333333333333333
COL,Villa Norte,NA,2024,Mujeres,Todas las edades,periurbano,0.4262295081967213
COL,Villa Norte,NA,2025,Mujeres,10-14,periurbano,0.4
COL,Villa Norte,NA,2025,Mujeres,15-19,periurbano,0.7272727272727273
COL,Villa Norte,NA,2025,Mujeres,20-34,periurbano,0.5909090909090909
COL,Villa Norte,NA,2025,Mujeres,35-49,periurbano,0.8181818181818182
COL,Villa Norte,NA,2025,Mujeres,Todas las edades,periurbano,0.6530612244897959
COL,Villa Sur,NA,2016,Mujeres,10-14,rural,NA
COL,Villa Sur,NA,2016,Mujeres,15-19,rural,NA
COL,Villa Sur,NA,2016,Mujeres,20-34,rural,NA
COL,Villa Sur,NA,2016,Mujeres,35-49,rural,NA
COL,Villa Sur,NA,2016,Mujeres,Todas las edades,rural,NA
COL,Villa Sur,NA,2017,Mujeres,10-14,rural,NA
COL,Villa Sur,NA,2017,Mujeres,15-19,rural,NA
COL,Villa Sur,NA,2017,Mujeres,20-34,rural,NA
COL,Villa Sur,NA,2017,Mujeres,35-49,rural,NA
COL,Villa Sur,NA,2017,Mujeres,Todas las edades,rural,NA
COL,Villa Sur,NA,2018,Mujeres,10-14,rural,0.2
COL,Villa Sur,NA,2018,Mujeres,15-19,rural,0.35714285714285715
COL,Villa Sur,NA,2018,Mujeres,20-34,rural,0.35714285714285715
COL,Villa Sur,NA,2018,Mujeres,35-49,rural,0.26666666666666666
COL,Villa Sur,NA,2018,Mujeres,Todas las edades,rural,0.3225806451612903
COL,Villa Sur,NA,2019,Mujeres,10-14,rural,0.4
COL,Villa Sur,NA,2019,Mujeres,15-19,rural,0.42857142857142855
COL,Villa Sur,NA,2019,Mujeres,20-34,rural,0.35294117647058826
COL,Villa Sur,NA,2019,Mujeres,35-49,rural,0.5294117647058824
COL,Villa Sur,NA,2019,Mujeres,Todas las edades,rural,0.43478260869565216
COL,Villa Sur,NA,2020,Mujeres,10-14,rural,0.25
COL,Villa Sur,NA,2020,Mujeres,15-19,rural,0.16666666666666666
COL,Villa Sur,NA,2020,Mujeres,20-34,rural,0.2692307692307692
COL,Villa Sur,NA,2020,Mujeres,35-49,rural,0.23076923076923078
COL,Villa Sur,NA,2020,Mujeres,Todas las edades,rural,0.24489795918367346
COL,Villa Sur,NA,2021,Mujeres,10-14,rural,0.4
COL,Villa Sur,NA,2021,Mujeres,15-19,rural,0.3333333333333333
COL,Villa Sur,NA,2021,Mujeres,20-34,rural,0.225
COL,Villa Sur,NA,2021,Mujeres,35-49,rural,0.42857142857142855
COL,Villa Sur,NA,2021,Mujeres,Todas las edades,rural,0.27586206896551724
COL,Villa Sur,NA,2022,Mujeres,10-14,rural,0.3333333333333333
COL,Villa Sur,NA,2022,Mujeres,15-19,rural,0.3
COL,Villa Sur,NA,2022,Mujeres,20-34,rural,0.3
COL,Villa Sur,NA,2022,Mujeres,35-49,rural,0.2222222222222222
COL,Villa Sur,NA,2022,Mujeres,Todas las edades,rural,0.28888888888888886
COL,Villa Sur,NA,2023,Mujeres,10-14,rural,1
COL,Villa Sur,NA,2023,Mujeres,15-19,rural,0.46153846153846156
COL,Villa Sur,NA,2023,Mujeres,20-34,rural,0.5833333333333334
COL,Villa Sur,NA,2023,Mujeres,35-49,rural,0.6666666666666666
COL,Villa Sur,NA,2023,Mujeres,Todas las edades,rural,0.6097560975609756
COL,Villa Sur,NA,2024,Mujeres,10-14,rural,0.6
COL,Villa Sur,NA,2024,Mujeres,15-19,rural,0.6
COL,Villa Sur,NA,2024,Mujeres,20-34,rural,0.6923076923076923
COL,Villa Sur,NA,2024,Mujeres,35-49,rural,0.5555555555555556
COL,Villa Sur,NA,2024,Mujeres,Todas las edades,rural,0.625
COL,Villa Sur,NA,2025,Mujeres,10-14,rural,0.8333333333333334
COL,Villa Sur,NA,2025,Mujeres,15-19,rural,0.7
COL,Villa Sur,NA,2025,Mujeres,20-34,rural,0.675
COL,Villa Sur,NA,2025,Mujeres,35-49,rural,0.7272727272727273
COL,Villa Sur,NA,2025,Mujeres,Todas las edades,rural,0.7014925373134329
COL,Vista Hermosa,NA,2016,Mujeres,10-14,rural,NA
COL,Vista Hermosa,NA,2016,Mujeres,15-19,rural,NA
COL,Vista Hermosa,NA,2016,Mujeres,20-34,rural,NA
COL,Vista Hermosa,NA,2016,Mujeres,35-49,rural,NA
COL,Vista Hermosa,NA,2016,Mujeres,Todas las edades,rural,NA
COL,Vista Hermosa,NA,2017,Mujeres,10-14,rural,NA
COL,Vista Hermosa,NA,2017,Mujeres,15-19,rural,NA
COL,Vista Hermosa,NA,2017,Mujeres,20-34,rural,NA
COL,Vista Hermosa,NA,2017,Mujeres,35-49,rural,NA
COL,Vista Hermosa,NA,2017,Mujeres,Todas las edades,rural,NA
COL,Vista Hermosa,NA,2018,Mujeres,10-14,rural,0.25
COL,Vista Hermosa,NA,2018,Mujeres,15-19,rural,0.2857142857142857
COL,Vista Hermosa,NA,2018,Mujeres,20-34,rural,0.2631578947368421
COL,Vista Hermosa,NA,2018,Mujeres,35-49,rural,0.4375
COL,Vista Hermosa,NA,2018,Mujeres,Todas las edades,rural,0.3076923076923077
COL,Vista Hermosa,NA,2019,Mujeres,10-14,rural,0.4
COL,Vista Hermosa,NA,2019,Mujeres,15-19,rural,0.4
COL,Vista Hermosa,NA,2019,Mujeres,20-34,rural,0.3333333333333333
COL,Vista Hermosa,NA,2019,Mujeres,35-49,rural,0.3125
COL,Vista Hermosa,NA,2019,Mujeres,Todas las edades,rural,0.34210526315789475
COL,Vista Hermosa,NA,2020,Mujeres,10-14,rural,1
COL,Vista Hermosa,NA,2020,Mujeres,15-19,rural,0
COL,Vista Hermosa,NA,2020,Mujeres,20-34,rural,0.38461538461538464
COL,Vista Hermosa,NA,2020,Mujeres,35-49,rural,0.23529411764705882
COL,Vista Hermosa,NA,2020,Mujeres,Todas las edades,rural,0.25
COL,Vista Hermosa,NA,2021,Mujeres,10-14,rural,1
COL,Vista Hermosa,NA,2021,Mujeres,15-19,rural,0.6
COL,Vista Hermosa,NA,2021,Mujeres,20-34,rural,0.5
COL,Vista Hermosa,NA,2021,Mujeres,35-49,rural,0.5
COL,Vista Hermosa,NA,2021,Mujeres,Todas las edades,rural,0.5277777777777778
COL,Vista Hermosa,NA,2022,Mujeres,10-14,rural,0.4
COL,Vista Hermosa,NA,2022,Mujeres,15-19,rural,0.4
COL,Vista Hermosa,NA,2022,Mujeres,20-34,rural,0.4444444444444444
COL,Vista Hermosa,NA,2022,Mujeres,35-49,rural,0.5555555555555556
COL,Vista Hermosa,NA,2022,Mujeres,Todas las edades,rural,0.4666666666666667
COL,Vista Hermosa,NA,2023,Mujeres,10-14,rural,1
COL,Vista Hermosa,NA,2023,Mujeres,15-19,rural,0.5714285714285714
COL,Vista Hermosa,NA,2023,Mujeres,20-34,rural,0.4666666666666667
COL,Vista Hermosa,NA,2023,Mujeres,35-49,rural,0.3333333333333333
COL,Vista Hermosa,NA,2023,Mujeres,Todas las edades,rural,0.4583333333333333
COL,Vista Hermosa,NA,2024,Mujeres,10-14,rural,0.75
COL,Vista Hermosa,NA,2024,Mujeres,15-19,rural,0.625
COL,Vista Hermosa,NA,2024,Mujeres,20-34,rural,0.6470588235294118
COL,Vista Hermosa,NA,2024,Mujeres,35-49,rural,0.7333333333333333
COL,Vista Hermosa,NA,2024,Mujeres,Todas las edades,rural,0.6721311475409836
COL,Vista Hermosa,NA,2025,Mujeres,10-14,rural,1
COL,Vista Hermosa,NA,2025,Mujeres,15-19,rural,0.6363636363636364
COL,Vista Hermosa,NA,2025,Mujeres,20-34,rural,0.6388888888888888
COL,Vista Hermosa,NA,2025,Mujeres,35-49,rural,0.5
COL,Vista Hermosa,NA,2025,Mujeres,Todas las edades,rural,0.631578947368421
